student_id,term_code,workday_course_section_id,subject,catalog_number,credits,grading_basis,letter_grade,grade_points
S000001,2023FA,WD-2023FA-COSI-118D,COSI,118,3,Graded,B+,3.38
S000001,2023FA,WD-2023FA-ECON-148B,ECON,148,3,Graded,A-,3.58
S000001,2023FA,WD-2023FA-AMST-151B,AMST,151,4,Graded,A-,3.5
S000001,2023FA,WD-2023FA-COSI-121B,COSI,121,3,Graded,B+,3.46
S000001,2023FA,WD-2023FA-HSSP-140B,HSSP,140,3,Graded,B+,3.32
S000002,2023FA,WD-2023FA-ENVS-178A,ENVS,178,3,Graded,B+,3.41
S000002,2023FA,WD-2023FA-BUS-192A,BUS,192,4,Graded,B+,3.27
S000002,2023FA,WD-2023FA-PSYC-193D,PSYC,193,3,Graded,B+,3.24
S000002,2023FA,WD-2023FA-ECON-118D,ECON,118,3,Graded,B+,3.33
S000004,2023FA,WD-2023FA-ENG-191A,ENG,191,3,Graded,B-,2.68
S000004,2023FA,WD-2023FA-AMST-184D,AMST,184,3,Graded,B-,2.8
S000004,2023FA,WD-2023FA-PSYC-141D,PSYC,141,3,Graded,B-,2.75
S000004,2023FA,WD-2023FA-PSYC-146C,PSYC,146,3,Graded,B-,2.52
S000005,2023FA,WD-2023FA-NEUR-103B,NEUR,103,3,Graded,F,0.05
S000005,2023FA,WD-2023FA-MATH-153C,MATH,153,3,Graded,F,0.02
S000005,2023FA,WD-2023FA-BIOL-126C,BIOL,126,3,Graded,F,0.34
S000005,2023FA,WD-2023FA-ENG-177B,ENG,177,3,Graded,F,0.07
S000006,2023FA,WD-2023FA-ENVS-168A,ENVS,168,3,Graded,B,3.06
S000006,2023FA,WD-2023FA-ECON-130D,ECON,130,3,Graded,B+,3.29
S000006,2023FA,WD-2023FA-HSSP-168B,HSSP,168,3,Graded,B,3.17
S000006,2023FA,WD-2023FA-PHIL-148A,PHIL,148,4,Graded,B,3.02
S000006,2023FA,WD-2023FA-PHIL-185B,PHIL,185,3,Graded,B,3.15
S000007,2023FA,WD-2023FA-ENG-157A,ENG,157,3,Graded,A,4.0
S000008,2023FA,WD-2023FA-BIOL-120A,BIOL,120,3,Graded,B+,3.45
S000008,2023FA,WD-2023FA-HSSP-104C,HSSP,104,3,Graded,B+,3.3
S000008,2023FA,WD-2023FA-PHIL-101A,PHIL,101,3,Graded,B+,3.43
S000008,2023FA,WD-2023FA-ANTH-153B,ANTH,153,3,Graded,B+,3.4
S000008,2023FA,WD-2023FA-ENG-172B,ENG,172,3,Graded,B+,3.32
S000009,2023FA,WD-2023FA-POL-141D,POL,141,3,Graded,A-,3.72
S000009,2023FA,WD-2023FA-HIST-144A,HIST,144,3,Graded,A-,3.64
S000009,2023FA,WD-2023FA-ENVS-129A,ENVS,129,3,Graded,A-,3.51
S000009,2023FA,WD-2023FA-ANTH-146A,ANTH,146,3,Graded,A-,3.73
S000011,2023FA,WD-2023FA-ENVS-156C,ENVS,156,3,Graded,B+,3.45
S000011,2023FA,WD-2023FA-HIST-107A,HIST,107,3,Graded,A-,3.63
S000011,2023FA,WD-2023FA-ECON-135A,ECON,135,3,Graded,A-,3.63
S000011,2023FA,WD-2023FA-COSI-188A,COSI,188,3,Graded,A-,3.75
S000011,2023FA,WD-2023FA-MATH-181C,MATH,181,3,Graded,A-,3.57
S000011,2023FA,WD-2023FA-PSYC-144A,PSYC,144,3,Graded,B+,3.49
S000012,2023FA,WD-2023FA-POL-169C,POL,169,3,Graded,B+,3.45
S000013,2023FA,WD-2023FA-MATH-153B,MATH,153,3,Graded,A-,3.5
S000013,2023FA,WD-2023FA-ENVS-147C,ENVS,147,3,Graded,A-,3.53
S000013,2023FA,WD-2023FA-ENG-177C,ENG,177,4,Graded,A-,3.8
S000013,2023FA,WD-2023FA-PSYC-119D,PSYC,119,3,Graded,A-,3.75
S000013,2023FA,WD-2023FA-COSI-154D,COSI,154,3,Graded,A-,3.58
S000014,2023FA,WD-2023FA-PSYC-191B,PSYC,191,3,Graded,A,4.0
S000015,2023FA,WD-2023FA-HIST-180B,HIST,180,4,Graded,A-,3.81
S000015,2023FA,WD-2023FA-MATH-103D,MATH,103,3,Graded,A-,3.74
S000015,2023FA,WD-2023FA-PHIL-130B,PHIL,130,3,Graded,A,3.95
S000015,2023FA,WD-2023FA-POL-188A,POL,188,3,Graded,A,3.95
S000015,2023FA,WD-2023FA-HSSP-174A,HSSP,174,3,Graded,A,3.99
S000016,2023FA,WD-2023FA-MATH-178D,MATH,178,3,Graded,B+,3.41
S000016,2023FA,WD-2023FA-NEUR-188C,NEUR,188,3,Graded,B+,3.39
S000016,2023FA,WD-2023FA-ENVS-177D,ENVS,177,3,Graded,B+,3.48
S000016,2023FA,WD-2023FA-BIOL-100C,BIOL,100,3,Graded,A-,3.57
S000016,2023FA,WD-2023FA-ECON-183A,ECON,183,3,Graded,A-,3.55
S000017,2023FA,WD-2023FA-POL-179C,POL,179,3,Graded,A-,3.82
S000018,2023FA,WD-2023FA-ENG-120A,ENG,120,4,Graded,C,1.94
S000018,2023FA,WD-2023FA-AMST-113B,AMST,113,3,Graded,C,1.91
S000018,2023FA,WD-2023FA-PHIL-178B,PHIL,178,4,Graded,C-,1.84
S000018,2023FA,WD-2023FA-ANTH-177B,ANTH,177,3,Graded,C-,1.72
S000019,2023FA,WD-2023FA-BIOL-136D,BIOL,136,3,Graded,B,2.96
S000019,2023FA,WD-2023FA-BUS-112D,BUS,112,3,Graded,B,3.12
S000020,2023FA,WD-2023FA-MATH-138C,MATH,138,3,Graded,A-,3.8
S000020,2023FA,WD-2023FA-HSSP-182C,HSSP,182,3,Graded,A-,3.73
S000020,2023FA,WD-2023FA-MATH-139B,MATH,139,3,Graded,A-,3.53
S000020,2023FA,WD-2023FA-NEUR-106B,NEUR,106,3,Graded,A-,3.69
S000026,2023FA,WD-2023FA-ENVS-166B,ENVS,166,3,Graded,C+,2.18
S000026,2023FA,WD-2023FA-PHIL-183C,PHIL,183,3,Graded,C+,2.15
S000026,2023FA,WD-2023FA-CHEM-109C,CHEM,109,3,Graded,C+,2.34
S000026,2023FA,WD-2023FA-PSYC-180C,PSYC,180,3,Graded,C,2.08
S000027,2023FA,WD-2023FA-ENVS-193B,ENVS,193,4,Graded,A,4.0
S000027,2023FA,WD-2023FA-ENVS-177D,ENVS,177,3,Graded,A,4.0
S000027,2023FA,WD-2023FA-ENG-183A,ENG,183,4,Graded,A,3.89
S000027,2023FA,WD-2023FA-NEUR-165D,NEUR,165,3,Graded,A,4.0
S000028,2023FA,WD-2023FA-MATH-186B,MATH,186,3,Graded,C-,1.77
S000028,2023FA,WD-2023FA-COSI-106D,COSI,106,3,Graded,C-,1.64
S000028,2023FA,WD-2023FA-PSYC-128A,PSYC,128,3,Graded,C-,1.73
S000028,2023FA,WD-2023FA-PHIL-103A,PHIL,103,3,Graded,C-,1.66
S000028,2023FA,WD-2023FA-HSSP-153C,HSSP,153,3,Graded,C-,1.75
S000029,2023FA,WD-2023FA-HIST-199C,HIST,199,4,Graded,C+,2.38
S000029,2023FA,WD-2023FA-BUS-164D,BUS,164,3,Graded,C+,2.27
S000029,2023FA,WD-2023FA-BUS-197A,BUS,197,3,Graded,C+,2.44
S000029,2023FA,WD-2023FA-ECON-198D,ECON,198,3,Graded,C+,2.23
S000029,2023FA,WD-2023FA-HIST-189A,HIST,189,3,Graded,B-,2.56
S000032,2023FA,WD-2023FA-ENVS-176B,ENVS,176,3,Graded,A-,3.75
S000032,2023FA,WD-2023FA-NEUR-192A,NEUR,192,4,Graded,A-,3.61
S000032,2023FA,WD-2023FA-PSYC-173B,PSYC,173,3,Graded,A,4.0
S000032,2023FA,WD-2023FA-ECON-191C,ECON,191,3,Graded,A-,3.6
S000033,2023FA,WD-2023FA-PSYC-104C,PSYC,104,3,Graded,B,3.02
S000033,2023FA,WD-2023FA-HSSP-180C,HSSP,180,4,Graded,B+,3.36
S000033,2023FA,WD-2023FA-NEUR-142D,NEUR,142,4,Graded,B+,3.47
S000033,2023FA,WD-2023FA-ANTH-118C,ANTH,118,4,Graded,B,3.17
S000033,2023FA,WD-2023FA-PHIL-138B,PHIL,138,3,Graded,B,3.06
S000037,2023FA,WD-2023FA-AMST-181A,AMST,181,3,Graded,B,2.93
S000037,2023FA,WD-2023FA-BUS-153D,BUS,153,3,Graded,B,2.85
S000037,2023FA,WD-2023FA-MATH-122D,MATH,122,3,Graded,B,3.0
S000037,2023FA,WD-2023FA-BUS-180B,BUS,180,3,Graded,B,3.04
S000038,2023FA,WD-2023FA-MATH-176D,MATH,176,3,Graded,B,3.15
S000038,2023FA,WD-2023FA-PHIL-186C,PHIL,186,3,Graded,B+,3.35
S000038,2023FA,WD-2023FA-ENG-167B,ENG,167,4,Graded,B+,3.28
S000038,2023FA,WD-2023FA-AMST-124D,AMST,124,3,Graded,B+,3.42
S000039,2023FA,WD-2023FA-COSI-103D,COSI,103,3,Graded,A-,3.69
S000039,2023FA,WD-2023FA-NEUR-178D,NEUR,178,3,Graded,B+,3.43
S000039,2023FA,WD-2023FA-ECON-156D,ECON,156,4,Graded,A-,3.5
S000039,2023FA,WD-2023FA-ENVS-160A,ENVS,160,4,Graded,A-,3.52
S000040,2023FA,WD-2023FA-HSSP-129B,HSSP,129,3,Graded,B+,3.27
S000040,2023FA,WD-2023FA-HIST-138B,HIST,138,3,Graded,A-,3.61
S000040,2023FA,WD-2023FA-ANTH-138A,ANTH,138,3,Graded,B+,3.49
S000040,2023FA,WD-2023FA-HSSP-117C,HSSP,117,4,Graded,A-,3.52
S000040,2023FA,WD-2023FA-ECON-155C,ECON,155,3,Graded,B+,3.44
S000041,2023FA,WD-2023FA-AMST-153B,AMST,153,3,Graded,C-,1.57
S000042,2023FA,WD-2023FA-COSI-118D,COSI,118,4,Graded,A-,3.51
S000042,2023FA,WD-2023FA-ANTH-191A,ANTH,191,3,Graded,B+,3.4
S000042,2023FA,WD-2023FA-ENVS-114B,ENVS,114,3,Graded,B+,3.34
S000042,2023FA,WD-2023FA-COSI-123D,COSI,123,3,Graded,A-,3.57
S000043,2023FA,WD-2023FA-BIOL-182D,BIOL,182,3,Graded,A,4.0
S000044,2023FA,WD-2023FA-ENG-128B,ENG,128,3,Graded,D,1.32
S000044,2023FA,WD-2023FA-PHIL-199D,PHIL,199,3,Graded,C-,1.51
S000044,2023FA,WD-2023FA-POL-121C,POL,121,4,Graded,D,1.32
S000044,2023FA,WD-2023FA-AMST-186A,AMST,186,3,Graded,D,1.21
S000045,2023FA,WD-2023FA-ENG-136D,ENG,136,3,Graded,A,4.0
S000045,2023FA,WD-2023FA-NEUR-145A,NEUR,145,3,Graded,A,4.0
S000046,2023FA,WD-2023FA-COSI-144A,COSI,144,4,Graded,B+,3.45
S000046,2023FA,WD-2023FA-HIST-120C,HIST,120,3,Graded,B+,3.45
S000046,2023FA,WD-2023FA-MATH-165D,MATH,165,3,Graded,A-,3.57
S000046,2023FA,WD-2023FA-ENG-185B,ENG,185,4,Graded,B+,3.37
S000048,2023FA,WD-2023FA-ENG-178D,ENG,178,3,Graded,B+,3.24
S000048,2023FA,WD-2023FA-HIST-158A,HIST,158,3,Graded,B,3.13
S000048,2023FA,WD-2023FA-HSSP-114C,HSSP,114,4,Graded,B+,3.28
S000048,2023FA,WD-2023FA-HSSP-189D,HSSP,189,3,Graded,B+,3.31
S000048,2023FA,WD-2023FA-AMST-144D,AMST,144,3,Graded,B+,3.43
S000049,2023FA,WD-2023FA-PSYC-146D,PSYC,146,4,Graded,B,3.09
S000049,2023FA,WD-2023FA-BUS-186C,BUS,186,3,Graded,B,3.12
S000049,2023FA,WD-2023FA-POL-157A,POL,157,3,Graded,B,3.19
S000050,2023FA,WD-2023FA-PHIL-173D,PHIL,173,3,Graded,A-,3.78
S000050,2023FA,WD-2023FA-NEUR-172D,NEUR,172,3,Graded,A-,3.7
S000050,2023FA,WD-2023FA-HSSP-104C,HSSP,104,3,Graded,A-,3.54
S000050,2023FA,WD-2023FA-CHEM-133A,CHEM,133,3,Graded,A,3.94
S000050,2023FA,WD-2023FA-COSI-183A,COSI,183,3,Graded,A-,3.73
S000050,2023FA,WD-2023FA-POL-190B,POL,190,3,Graded,A-,3.64
S000051,2023FA,WD-2023FA-POL-133A,POL,133,4,Graded,C+,2.23
S000051,2023FA,WD-2023FA-NEUR-124C,NEUR,124,3,Graded,C+,2.4
S000051,2023FA,WD-2023FA-ECON-125D,ECON,125,3,Graded,B-,2.54
S000051,2023FA,WD-2023FA-COSI-163A,COSI,163,3,Graded,C+,2.48
S000052,2023FA,WD-2023FA-HSSP-176B,HSSP,176,3,Graded,B-,2.76
S000052,2023FA,WD-2023FA-NEUR-132D,NEUR,132,3,Graded,B-,2.5
S000052,2023FA,WD-2023FA-BUS-120B,BUS,120,3,Graded,B-,2.57
S000052,2023FA,WD-2023FA-AMST-177B,AMST,177,3,Graded,B-,2.56
S000052,2023FA,WD-2023FA-AMST-158D,AMST,158,3,Graded,B-,2.57
S000053,2023FA,WD-2023FA-HSSP-102B,HSSP,102,4,Graded,B+,3.27
S000053,2023FA,WD-2023FA-HIST-193A,HIST,193,4,Graded,B,3.14
S000053,2023FA,WD-2023FA-ENG-100B,ENG,100,3,Graded,B+,3.32
S000054,2023FA,WD-2023FA-NEUR-148A,NEUR,148,3,Graded,B,3.14
S000054,2023FA,WD-2023FA-PSYC-175C,PSYC,175,3,Graded,B,3.1
S000054,2023FA,WD-2023FA-BUS-174C,BUS,174,3,Graded,B,2.99
S000054,2023FA,WD-2023FA-MATH-176D,MATH,176,4,Graded,B,3.06
S000054,2023FA,WD-2023FA-PSYC-168B,PSYC,168,3,Graded,B,3.03
S000055,2023FA,WD-2023FA-BIOL-138B,BIOL,138,3,Graded,B,3.0
S000056,2023FA,WD-2023FA-ANTH-117B,ANTH,117,3,Graded,A-,3.57
S000056,2023FA,WD-2023FA-PHIL-127D,PHIL,127,3,Graded,A-,3.72
S000056,2023FA,WD-2023FA-ENG-151B,ENG,151,4,Graded,A-,3.57
S000056,2023FA,WD-2023FA-POL-114B,POL,114,3,Graded,A-,3.53
S000058,2023FA,WD-2023FA-BUS-103D,BUS,103,3,Graded,A,3.95
S000058,2023FA,WD-2023FA-MATH-129D,MATH,129,4,Graded,A,3.96
S000058,2023FA,WD-2023FA-NEUR-116C,NEUR,116,3,Graded,A,3.91
S000058,2023FA,WD-2023FA-HIST-155A,HIST,155,3,Graded,A,3.98
S000058,2023FA,WD-2023FA-POL-113B,POL,113,3,Graded,A,3.96
S000059,2023FA,WD-2023FA-ENG-148D,ENG,148,3,Graded,A-,3.83
S000059,2023FA,WD-2023FA-HSSP-119A,HSSP,119,3,Graded,B+,3.47
S000059,2023FA,WD-2023FA-CHEM-159B,CHEM,159,3,Graded,A-,3.6
S000059,2023FA,WD-2023FA-POL-108D,POL,108,3,Graded,A-,3.79
S000060,2023FA,WD-2023FA-PSYC-133A,PSYC,133,3,Graded,A-,3.74
S000060,2023FA,WD-2023FA-ENVS-147A,ENVS,147,3,Graded,A-,3.82
S000061,2023FA,WD-2023FA-CHEM-185D,CHEM,185,3,Graded,A,3.85
S000061,2023FA,WD-2023FA-HSSP-119C,HSSP,119,3,Graded,A-,3.68
S000061,2023FA,WD-2023FA-PSYC-152A,PSYC,152,4,Graded,A-,3.81
S000061,2023FA,WD-2023FA-ANTH-130D,ANTH,130,3,Graded,A-,3.7
S000061,2023FA,WD-2023FA-ENG-173D,ENG,173,3,Graded,A-,3.72
S000062,2023FA,WD-2023FA-HSSP-149A,HSSP,149,3,Graded,B,3.16
S000062,2023FA,WD-2023FA-ANTH-164A,ANTH,164,3,Graded,B+,3.34
S000062,2023FA,WD-2023FA-ANTH-111C,ANTH,111,4,Graded,B+,3.41
S000062,2023FA,WD-2023FA-NEUR-193B,NEUR,193,3,Graded,B+,3.45
S000062,2023FA,WD-2023FA-COSI-105B,COSI,105,3,Graded,B+,3.28
S000064,2023FA,WD-2023FA-MATH-167D,MATH,167,3,Graded,C,2.02
S000064,2023FA,WD-2023FA-ANTH-140C,ANTH,140,4,Graded,C,1.95
S000064,2023FA,WD-2023FA-ENVS-173A,ENVS,173,4,Graded,C,1.99
S000065,2023FA,WD-2023FA-HSSP-170A,HSSP,170,3,Graded,B,3.05
S000065,2023FA,WD-2023FA-ANTH-113A,ANTH,113,3,Graded,B+,3.26
S000065,2023FA,WD-2023FA-HSSP-187A,HSSP,187,3,Graded,B+,3.36
S000065,2023FA,WD-2023FA-BUS-169D,BUS,169,3,Graded,B+,3.37
S000068,2023FA,WD-2023FA-NEUR-140B,NEUR,140,3,Graded,A-,3.54
S000068,2023FA,WD-2023FA-ENVS-127D,ENVS,127,4,Graded,A-,3.68
S000068,2023FA,WD-2023FA-ENG-132A,ENG,132,4,Graded,A-,3.7
S000068,2023FA,WD-2023FA-BUS-144B,BUS,144,4,Graded,A,3.98
S000072,2023FA,WD-2023FA-ECON-185A,ECON,185,3,Graded,C-,1.75
S000072,2023FA,WD-2023FA-COSI-179A,COSI,179,3,Graded,C,1.85
S000072,2023FA,WD-2023FA-COSI-197B,COSI,197,3,Graded,C-,1.83
S000072,2023FA,WD-2023FA-NEUR-190D,NEUR,190,3,Graded,C-,1.7
S000074,2023FA,WD-2023FA-PSYC-100D,PSYC,100,3,Graded,A-,3.65
S000074,2023FA,WD-2023FA-PSYC-125B,PSYC,125,3,Graded,A-,3.69
S000074,2023FA,WD-2023FA-ENVS-156B,ENVS,156,3,Graded,A-,3.8
S000074,2023FA,WD-2023FA-CHEM-129C,CHEM,129,3,Graded,A-,3.63
S000075,2023FA,WD-2023FA-BIOL-177B,BIOL,177,3,Graded,A-,3.55
S000075,2023FA,WD-2023FA-PSYC-158B,PSYC,158,4,Graded,A-,3.56
S000075,2023FA,WD-2023FA-BIOL-173C,BIOL,173,4,Graded,B+,3.38
S000075,2023FA,WD-2023FA-BUS-138B,BUS,138,3,Graded,B+,3.33
S000076,2023FA,WD-2023FA-BIOL-115C,BIOL,115,3,Graded,A-,3.8
S000076,2023FA,WD-2023FA-ENVS-178D,ENVS,178,4,Graded,A-,3.84
S000076,2023FA,WD-2023FA-MATH-119A,MATH,119,3,Graded,A-,3.76
S000079,2023FA,WD-2023FA-ECON-185A,ECON,185,3,Graded,B+,3.39
S000079,2023FA,WD-2023FA-MATH-189B,MATH,189,3,Graded,B+,3.24
S000079,2023FA,WD-2023FA-POL-162B,POL,162,4,Graded,B,3.19
S000079,2023FA,WD-2023FA-HIST-160A,HIST,160,3,Graded,B+,3.25
S000079,2023FA,WD-2023FA-ENVS-183A,ENVS,183,3,Graded,B,3.17
S000080,2023FA,WD-2023FA-PHIL-145C,PHIL,145,3,Graded,C,1.99
S000080,2023FA,WD-2023FA-BIOL-105C,BIOL,105,4,Graded,C-,1.84
S000080,2023FA,WD-2023FA-HIST-140A,HIST,140,3,Graded,C+,2.2
S000080,2023FA,WD-2023FA-HIST-153C,HIST,153,3,Graded,C+,2.18
S000080,2023FA,WD-2023FA-ANTH-130C,ANTH,130,3,Graded,C,2.04
S000081,2023FA,WD-2023FA-AMST-191A,AMST,191,3,Graded,B,3.0
S000081,2023FA,WD-2023FA-AMST-148C,AMST,148,3,Graded,B,3.03
S000081,2023FA,WD-2023FA-PHIL-176D,PHIL,176,3,Graded,B,2.85
S000081,2023FA,WD-2023FA-PSYC-179B,PSYC,179,3,Graded,B,3.19
S000081,2023FA,WD-2023FA-NEUR-111C,NEUR,111,3,Graded,B,3.11
S000082,2023FA,WD-2023FA-CHEM-109C,CHEM,109,3,Graded,C-,1.6
S000082,2023FA,WD-2023FA-COSI-185A,COSI,185,3,Graded,D,1.36
S000082,2023FA,WD-2023FA-AMST-109C,AMST,109,4,Graded,D,1.32
S000082,2023FA,WD-2023FA-BUS-115C,BUS,115,3,Graded,C-,1.54
S000082,2023FA,WD-2023FA-ANTH-157C,ANTH,157,3,Graded,D,1.27
S000084,2023FA,WD-2023FA-HSSP-144D,HSSP,144,3,Graded,B-,2.54
S000084,2023FA,WD-2023FA-ECON-185C,ECON,185,3,Graded,C+,2.46
S000084,2023FA,WD-2023FA-HIST-136C,HIST,136,3,Graded,C+,2.48
S000084,2023FA,WD-2023FA-POL-175A,POL,175,3,Graded,C+,2.32
S000084,2023FA,WD-2023FA-AMST-130D,AMST,130,3,Graded,B-,2.56
S000085,2023FA,WD-2023FA-COSI-122D,COSI,122,3,Graded,A-,3.75
S000085,2023FA,WD-2023FA-BUS-172A,BUS,172,4,Graded,A-,3.72
S000085,2023FA,WD-2023FA-NEUR-106D,NEUR,106,4,Graded,A-,3.51
S000086,2023FA,WD-2023FA-PHIL-164C,PHIL,164,3,Graded,B+,3.27
S000086,2023FA,WD-2023FA-ENVS-161D,ENVS,161,3,Graded,B,3.17
S000087,2023FA,WD-2023FA-POL-152A,POL,152,3,Graded,A,3.91
S000087,2023FA,WD-2023FA-BIOL-168A,BIOL,168,3,Graded,A,3.94
S000092,2023FA,WD-2023FA-HSSP-157B,HSSP,157,3,Graded,D,1.04
S000092,2023FA,WD-2023FA-ENVS-193B,ENVS,193,4,Graded,D,1.02
S000092,2023FA,WD-2023FA-COSI-197A,COSI,197,3,Graded,D,1.11
S000092,2023FA,WD-2023FA-PSYC-115A,PSYC,115,3,Graded,D,1.22
S000095,2023FA,WD-2023FA-POL-152D,POL,152,3,Graded,B,3.19
S000095,2023FA,WD-2023FA-ENVS-120D,ENVS,120,4,Graded,B+,3.45
S000095,2023FA,WD-2023FA-PHIL-152B,PHIL,152,3,Graded,B,3.02
S000096,2023FA,WD-2023FA-PHIL-123D,PHIL,123,4,Graded,F,0.35
S000096,2023FA,WD-2023FA-MATH-142C,MATH,142,4,Graded,F,0.24
S000096,2023FA,WD-2023FA-HIST-110C,HIST,110,3,Graded,F,0.11
S000098,2023FA,WD-2023FA-ANTH-186C,ANTH,186,3,Graded,A,3.92
S000098,2023FA,WD-2023FA-PHIL-113C,PHIL,113,3,Graded,A,3.94
S000098,2023FA,WD-2023FA-POL-104B,POL,104,3,Graded,A,4.0
S000098,2023FA,WD-2023FA-BIOL-155D,BIOL,155,3,Graded,A,4.0
S000099,2023FA,WD-2023FA-BUS-176D,BUS,176,3,Graded,B,2.92
S000099,2023FA,WD-2023FA-CHEM-159B,CHEM,159,3,Graded,B-,2.78
S000100,2023FA,WD-2023FA-ANTH-191D,ANTH,191,3,Graded,B+,3.22
S000100,2023FA,WD-2023FA-BIOL-107A,BIOL,107,4,Graded,B,3.16
S000102,2023FA,WD-2023FA-HIST-183B,HIST,183,3,Graded,B+,3.49
S000103,2023FA,WD-2023FA-ENVS-196C,ENVS,196,3,Graded,B,3.03
S000103,2023FA,WD-2023FA-PSYC-104A,PSYC,104,3,Graded,B+,3.29
S000103,2023FA,WD-2023FA-COSI-198D,COSI,198,3,Graded,B,3.16
S000103,2023FA,WD-2023FA-MATH-174B,MATH,174,3,Graded,B,3.16
S000103,2023FA,WD-2023FA-PHIL-145D,PHIL,145,3,Graded,B,3.1
S000103,2023FA,WD-2023FA-ANTH-146B,ANTH,146,3,Graded,B+,3.23
S000104,2023FA,WD-2023FA-NEUR-195B,NEUR,195,3,Graded,B,3.18
S000104,2023FA,WD-2023FA-ENVS-169C,ENVS,169,4,Graded,B,2.99
S000104,2023FA,WD-2023FA-BUS-198C,BUS,198,3,Graded,B+,3.24
S000104,2023FA,WD-2023FA-ENVS-195B,ENVS,195,3,Graded,B,3.03
S000104,2023FA,WD-2023FA-MATH-199B,MATH,199,3,Graded,B,3.0
S000105,2023FA,WD-2023FA-HIST-124B,HIST,124,3,Graded,A-,3.74
S000105,2023FA,WD-2023FA-ENG-196D,ENG,196,3,Graded,A-,3.79
S000105,2023FA,WD-2023FA-POL-120B,POL,120,4,Graded,A,3.89
S000105,2023FA,WD-2023FA-BIOL-108A,BIOL,108,3,Graded,A-,3.62
S000106,2023FA,WD-2023FA-BUS-187C,BUS,187,3,Graded,B+,3.32
S000106,2023FA,WD-2023FA-ENVS-153D,ENVS,153,3,Graded,B+,3.21
S000106,2023FA,WD-2023FA-ENVS-158C,ENVS,158,4,Graded,A-,3.53
S000106,2023FA,WD-2023FA-NEUR-186B,NEUR,186,4,Graded,B+,3.46
S000107,2023FA,WD-2023FA-AMST-118A,AMST,118,3,Graded,B,3.15
S000107,2023FA,WD-2023FA-NEUR-136A,NEUR,136,3,Graded,B,3.19
S000107,2023FA,WD-2023FA-MATH-112D,MATH,112,3,Graded,B,3.16
S000108,2023FA,WD-2023FA-ECON-190C,ECON,190,3,Graded,F,0.88
S000108,2023FA,WD-2023FA-COSI-159C,COSI,159,3,Graded,F,0.94
S000108,2023FA,WD-2023FA-BIOL-162C,BIOL,162,3,Graded,F,0.81
S000108,2023FA,WD-2023FA-MATH-168D,MATH,168,3,Graded,D,1.07
S000108,2023FA,WD-2023FA-ENG-125B,ENG,125,3,Graded,D,1.0
S000109,2023FA,WD-2023FA-COSI-111C,COSI,111,3,Graded,A-,3.58
S000109,2023FA,WD-2023FA-BUS-129B,BUS,129,3,Graded,A-,3.6
S000109,2023FA,WD-2023FA-BIOL-159D,BIOL,159,3,Graded,B+,3.39
S000109,2023FA,WD-2023FA-BIOL-102C,BIOL,102,4,Graded,A-,3.59
S000109,2023FA,WD-2023FA-ANTH-195A,ANTH,195,3,Graded,A-,3.59
S000110,2023FA,WD-2023FA-ANTH-131A,ANTH,131,3,Graded,B+,3.44
S000110,2023FA,WD-2023FA-PSYC-146B,PSYC,146,3,Graded,A-,3.55
S000110,2023FA,WD-2023FA-BIOL-128B,BIOL,128,3,Graded,A-,3.69
S000114,2023FA,WD-2023FA-POL-152B,POL,152,3,Graded,A,3.87
S000114,2023FA,WD-2023FA-BIOL-198D,BIOL,198,3,Graded,A,3.86
S000115,2023FA,WD-2023FA-HSSP-100B,HSSP,100,4,Graded,B,3.14
S000115,2023FA,WD-2023FA-BIOL-197D,BIOL,197,3,Graded,B+,3.39
S000115,2023FA,WD-2023FA-BIOL-117D,BIOL,117,3,Graded,B+,3.24
S000115,2023FA,WD-2023FA-HSSP-199B,HSSP,199,4,Graded,B+,3.31
S000115,2023FA,WD-2023FA-NEUR-152A,NEUR,152,3,Graded,B,3.18
S000116,2023FA,WD-2023FA-HIST-153C,HIST,153,3,Graded,D,1.08
S000116,2023FA,WD-2023FA-ANTH-169A,ANTH,169,3,Graded,D,1.33
S000116,2023FA,WD-2023FA-ENG-192C,ENG,192,3,Graded,D,1.43
S000116,2023FA,WD-2023FA-POL-197C,POL,197,3,Graded,D,1.34
S000117,2023FA,WD-2023FA-HSSP-133B,HSSP,133,3,Graded,C-,1.54
S000117,2023FA,WD-2023FA-NEUR-165A,NEUR,165,3,Graded,C-,1.67
S000117,2023FA,WD-2023FA-COSI-150D,COSI,150,3,Graded,C-,1.66
S000117,2023FA,WD-2023FA-HSSP-118D,HSSP,118,3,Graded,D,1.49
S000117,2023FA,WD-2023FA-ENVS-177B,ENVS,177,3,Graded,D,1.46
S000119,2023FA,WD-2023FA-AMST-193A,AMST,193,4,Graded,B,3.14
S000119,2023FA,WD-2023FA-BIOL-194D,BIOL,194,3,Graded,B-,2.81
S000119,2023FA,WD-2023FA-PSYC-176C,PSYC,176,3,Graded,B,2.92
S000119,2023FA,WD-2023FA-PSYC-125B,PSYC,125,3,Graded,B,2.93
S000119,2023FA,WD-2023FA-BIOL-129C,BIOL,129,3,Graded,B,3.07
S000120,2023FA,WD-2023FA-BIOL-163D,BIOL,163,3,Graded,A,3.9
S000120,2023FA,WD-2023FA-HIST-175B,HIST,175,3,Graded,A-,3.8
S000120,2023FA,WD-2023FA-ENG-190D,ENG,190,3,Graded,A,4.0
S000120,2023FA,WD-2023FA-NEUR-154A,NEUR,154,3,Graded,A,4.0
S000120,2023FA,WD-2023FA-ECON-103D,ECON,103,3,Graded,A,3.87
S000121,2023FA,WD-2023FA-BUS-151A,BUS,151,3,Graded,A-,3.53
S000121,2023FA,WD-2023FA-HIST-101B,HIST,101,4,Graded,B,3.17
S000121,2023FA,WD-2023FA-AMST-140B,AMST,140,4,Graded,B,3.05
S000121,2023FA,WD-2023FA-POL-185B,POL,185,3,Graded,B,3.02
S000124,2023FA,WD-2023FA-PSYC-191A,PSYC,191,3,Graded,C-,1.61
S000124,2023FA,WD-2023FA-COSI-131A,COSI,131,3,Graded,C-,1.8
S000124,2023FA,WD-2023FA-CHEM-174A,CHEM,174,3,Graded,C-,1.6
S000124,2023FA,WD-2023FA-CHEM-131A,CHEM,131,3,Graded,C-,1.73
S000124,2023FA,WD-2023FA-NEUR-192A,NEUR,192,3,Graded,C-,1.81
S000125,2023FA,WD-2023FA-PSYC-139C,PSYC,139,3,Graded,B+,3.23
S000125,2023FA,WD-2023FA-ANTH-165A,ANTH,165,3,Graded,B,2.99
S000125,2023FA,WD-2023FA-PHIL-148B,PHIL,148,4,Graded,B,2.96
S000125,2023FA,WD-2023FA-ENG-167C,ENG,167,3,Graded,B,3.18
S000125,2023FA,WD-2023FA-ANTH-137B,ANTH,137,3,Graded,B,2.88
S000126,2023FA,WD-2023FA-ECON-172C,ECON,172,3,Graded,C,1.9
S000126,2023FA,WD-2023FA-MATH-144A,MATH,144,3,Graded,C-,1.73
S000126,2023FA,WD-2023FA-ENG-198B,ENG,198,3,Graded,C-,1.81
S000129,2023FA,WD-2023FA-ENG-179A,ENG,179,3,Graded,B,3.1
S000129,2023FA,WD-2023FA-HIST-150D,HIST,150,3,Graded,B+,3.4
S000129,2023FA,WD-2023FA-NEUR-111A,NEUR,111,4,Graded,B,3.11
S000129,2023FA,WD-2023FA-ANTH-129C,ANTH,129,3,Graded,B+,3.2
S000129,2023FA,WD-2023FA-PSYC-137C,PSYC,137,4,Graded,B,3.06
S000130,2023FA,WD-2023FA-PHIL-101D,PHIL,101,3,Graded,A,3.87
S000130,2023FA,WD-2023FA-ENVS-197D,ENVS,197,4,Graded,A,4.0
S000130,2023FA,WD-2023FA-CHEM-189D,CHEM,189,3,Graded,A,4.0
S000130,2023FA,WD-2023FA-POL-143B,POL,143,4,Graded,A,3.97
S000131,2023FA,WD-2023FA-BIOL-183B,BIOL,183,3,Graded,A-,3.72
S000131,2023FA,WD-2023FA-ENVS-123D,ENVS,123,3,Graded,A-,3.62
S000131,2023FA,WD-2023FA-ANTH-169D,ANTH,169,3,Graded,A-,3.69
S000132,2023FA,WD-2023FA-ENG-173D,ENG,173,3,Graded,B+,3.34
S000132,2023FA,WD-2023FA-POL-152C,POL,152,4,Graded,B+,3.21
S000132,2023FA,WD-2023FA-HIST-143C,HIST,143,3,Graded,B+,3.21
S000133,2023FA,WD-2023FA-CHEM-193B,CHEM,193,3,Graded,B+,3.37
S000133,2023FA,WD-2023FA-MATH-171C,MATH,171,3,Graded,B,3.11
S000133,2023FA,WD-2023FA-BUS-113C,BUS,113,3,Graded,B+,3.24
S000133,2023FA,WD-2023FA-NEUR-192A,NEUR,192,3,Graded,B,3.07
S000133,2023FA,WD-2023FA-PHIL-140A,PHIL,140,3,Graded,B+,3.27
S000135,2023FA,WD-2023FA-AMST-150C,AMST,150,3,Graded,C+,2.22
S000135,2023FA,WD-2023FA-NEUR-123C,NEUR,123,3,Graded,C+,2.37
S000135,2023FA,WD-2023FA-NEUR-196B,NEUR,196,3,Graded,C+,2.21
S000135,2023FA,WD-2023FA-ENVS-187B,ENVS,187,3,Graded,C,2.14
S000135,2023FA,WD-2023FA-COSI-134C,COSI,134,3,Graded,B-,2.68
S000136,2023FA,WD-2023FA-HIST-160B,HIST,160,3,Graded,B+,3.38
S000136,2023FA,WD-2023FA-COSI-187A,COSI,187,3,Graded,A-,3.51
S000136,2023FA,WD-2023FA-PSYC-154C,PSYC,154,3,Graded,B+,3.46
S000136,2023FA,WD-2023FA-ENVS-179B,ENVS,179,4,Graded,A-,3.5
S000137,2023FA,WD-2023FA-PSYC-112A,PSYC,112,3,Graded,F,0.11
S000137,2023FA,WD-2023FA-ENG-192C,ENG,192,3,Graded,F,0.39
S000137,2023FA,WD-2023FA-COSI-121C,COSI,121,3,Graded,F,0.21
S000137,2023FA,WD-2023FA-ENVS-162D,ENVS,162,3,Graded,F,0.29
S000137,2023FA,WD-2023FA-NEUR-160D,NEUR,160,3,Graded,F,0.35
S000138,2023FA,WD-2023FA-ANTH-124C,ANTH,124,3,Graded,B+,3.47
S000138,2023FA,WD-2023FA-HSSP-187A,HSSP,187,3,Graded,B,3.17
S000138,2023FA,WD-2023FA-POL-108C,POL,108,3,Graded,B+,3.2
S000139,2023FA,WD-2023FA-BUS-154B,BUS,154,3,Graded,A-,3.79
S000139,2023FA,WD-2023FA-ANTH-138B,ANTH,138,3,Graded,A-,3.8
S000140,2023FA,WD-2023FA-AMST-175B,AMST,175,4,Graded,B,3.15
S000140,2023FA,WD-2023FA-PHIL-169C,PHIL,169,3,Graded,B,3.04
S000140,2023FA,WD-2023FA-BIOL-123C,BIOL,123,4,Graded,B,3.04
S000141,2023FA,WD-2023FA-COSI-137C,COSI,137,3,Graded,A,3.87
S000141,2023FA,WD-2023FA-ENVS-198D,ENVS,198,3,Graded,A,3.9
S000141,2023FA,WD-2023FA-CHEM-139D,CHEM,139,3,Graded,A,3.85
S000141,2023FA,WD-2023FA-ENG-196B,ENG,196,4,Graded,A,3.99
S000143,2023FA,WD-2023FA-NEUR-165B,NEUR,165,4,Graded,A-,3.61
S000143,2023FA,WD-2023FA-AMST-177A,AMST,177,3,Graded,A-,3.58
S000143,2023FA,WD-2023FA-ECON-134D,ECON,134,3,Graded,A-,3.5
S000144,2023FA,WD-2023FA-NEUR-153D,NEUR,153,3,Graded,B-,2.6
S000144,2023FA,WD-2023FA-HIST-124C,HIST,124,3,Graded,B-,2.66
S000144,2023FA,WD-2023FA-PSYC-158B,PSYC,158,4,Graded,B-,2.63
S000146,2023FA,WD-2023FA-COSI-136B,COSI,136,3,Graded,B,3.0
S000146,2023FA,WD-2023FA-NEUR-169D,NEUR,169,3,Graded,B,2.9
S000146,2023FA,WD-2023FA-ENVS-143C,ENVS,143,3,Graded,B,3.0
S000146,2023FA,WD-2023FA-COSI-137D,COSI,137,3,Graded,B,3.07
S000148,2023FA,WD-2023FA-BIOL-131B,BIOL,131,4,Graded,F,0.37
S000148,2023FA,WD-2023FA-ECON-125A,ECON,125,4,Graded,F,0.4
S000148,2023FA,WD-2023FA-MATH-194D,MATH,194,3,Graded,F,0.5
S000148,2023FA,WD-2023FA-AMST-162D,AMST,162,3,Graded,F,0.36
S000150,2023FA,WD-2023FA-COSI-163C,COSI,163,3,Graded,B,2.93
S000150,2023FA,WD-2023FA-BUS-170D,BUS,170,3,Graded,B,2.98
S000150,2023FA,WD-2023FA-PSYC-162D,PSYC,162,3,Graded,B,2.95
S000150,2023FA,WD-2023FA-HIST-107A,HIST,107,3,Graded,B-,2.74
S000151,2023FA,WD-2023FA-HSSP-162A,HSSP,162,3,Graded,B+,3.42
S000151,2023FA,WD-2023FA-MATH-147A,MATH,147,3,Graded,A-,3.63
S000151,2023FA,WD-2023FA-HIST-131A,HIST,131,3,Graded,A-,3.5
S000151,2023FA,WD-2023FA-ANTH-160A,ANTH,160,3,Graded,B+,3.4
S000151,2023FA,WD-2023FA-ANTH-196A,ANTH,196,3,Graded,B+,3.42
S000153,2023FA,WD-2023FA-BIOL-137D,BIOL,137,3,Graded,B,3.06
S000153,2023FA,WD-2023FA-ENG-173B,ENG,173,3,Graded,B,2.89
S000153,2023FA,WD-2023FA-BUS-153C,BUS,153,3,Graded,B-,2.82
S000153,2023FA,WD-2023FA-MATH-110C,MATH,110,3,Graded,B+,3.25
S000153,2023FA,WD-2023FA-ANTH-183D,ANTH,183,3,Graded,B,3.11
S000154,2023FA,WD-2023FA-COSI-171C,COSI,171,3,Graded,A-,3.66
S000154,2023FA,WD-2023FA-AMST-199B,AMST,199,4,Graded,A-,3.68
S000154,2023FA,WD-2023FA-ECON-189C,ECON,189,3,Graded,A-,3.69
S000154,2023FA,WD-2023FA-BIOL-158A,BIOL,158,3,Graded,A-,3.71
S000155,2023FA,WD-2023FA-PSYC-114C,PSYC,114,3,Graded,A,3.87
S000155,2023FA,WD-2023FA-ECON-125C,ECON,125,3,Graded,A-,3.82
S000155,2023FA,WD-2023FA-ENVS-184B,ENVS,184,3,Graded,A-,3.81
S000155,2023FA,WD-2023FA-ECON-175D,ECON,175,3,Graded,A-,3.8
S000156,2023FA,WD-2023FA-ENG-145A,ENG,145,3,Graded,A-,3.58
S000156,2023FA,WD-2023FA-HIST-184D,HIST,184,3,Graded,A-,3.83
S000156,2023FA,WD-2023FA-COSI-166B,COSI,166,4,Graded,A-,3.65
S000156,2023FA,WD-2023FA-NEUR-198C,NEUR,198,3,Graded,A-,3.74
S000156,2023FA,WD-2023FA-HIST-106D,HIST,106,3,Graded,A-,3.51
S000159,2023FA,WD-2023FA-ENG-103C,ENG,103,3,Graded,B+,3.2
S000159,2023FA,WD-2023FA-AMST-125C,AMST,125,4,Graded,B,2.94
S000160,2023FA,WD-2023FA-AMST-175C,AMST,175,3,Graded,B+,3.25
S000160,2023FA,WD-2023FA-POL-196B,POL,196,3,Graded,B,3.07
S000160,2023FA,WD-2023FA-ECON-101C,ECON,101,3,Graded,B+,3.22
S000160,2023FA,WD-2023FA-NEUR-198C,NEUR,198,3,Graded,B,3.17
S000160,2023FA,WD-2023FA-MATH-124C,MATH,124,3,Graded,B+,3.31
S000162,2023FA,WD-2023FA-HSSP-188B,HSSP,188,3,Graded,A-,3.81
S000162,2023FA,WD-2023FA-HIST-137C,HIST,137,3,Graded,A,3.93
S000162,2023FA,WD-2023FA-HSSP-116C,HSSP,116,3,Graded,A,3.87
S000162,2023FA,WD-2023FA-PSYC-172B,PSYC,172,4,Graded,A-,3.65
S000165,2023FA,WD-2023FA-AMST-109B,AMST,109,3,Graded,A,3.94
S000165,2023FA,WD-2023FA-PSYC-125A,PSYC,125,3,Graded,A-,3.62
S000165,2023FA,WD-2023FA-HIST-124A,HIST,124,3,Graded,A-,3.71
S000166,2023FA,WD-2023FA-NEUR-163A,NEUR,163,3,Graded,F,0.76
S000166,2023FA,WD-2023FA-BUS-161A,BUS,161,3,Graded,F,0.66
S000166,2023FA,WD-2023FA-ENG-196C,ENG,196,3,Graded,F,0.8
S000166,2023FA,WD-2023FA-ENG-121C,ENG,121,3,Graded,F,0.99
S000167,2023FA,WD-2023FA-COSI-170B,COSI,170,3,Graded,B,2.94
S000167,2023FA,WD-2023FA-AMST-112B,AMST,112,3,Graded,B,3.09
S000167,2023FA,WD-2023FA-MATH-144C,MATH,144,3,Graded,B+,3.26
S000167,2023FA,WD-2023FA-MATH-138D,MATH,138,4,Graded,B,3.05
S000167,2023FA,WD-2023FA-NEUR-144A,NEUR,144,3,Graded,B,3.02
S000168,2023FA,WD-2023FA-NEUR-127B,NEUR,127,3,Graded,B-,2.81
S000168,2023FA,WD-2023FA-COSI-126C,COSI,126,3,Graded,B-,2.66
S000169,2023FA,WD-2023FA-MATH-178C,MATH,178,3,Graded,C-,1.73
S000171,2023FA,WD-2023FA-ENVS-160B,ENVS,160,3,Graded,C,2.13
S000171,2023FA,WD-2023FA-NEUR-120C,NEUR,120,3,Graded,C,2.13
S000171,2023FA,WD-2023FA-ENVS-141B,ENVS,141,4,Graded,C+,2.31
S000171,2023FA,WD-2023FA-COSI-195C,COSI,195,3,Graded,C,2.09
S000172,2023FA,WD-2023FA-HSSP-157A,HSSP,157,4,Graded,B+,3.32
S000173,2023FA,WD-2023FA-ENG-109C,ENG,109,3,Graded,B,3.1
S000173,2023FA,WD-2023FA-BIOL-198B,BIOL,198,3,Graded,B,2.94
S000173,2023FA,WD-2023FA-PHIL-118D,PHIL,118,4,Graded,B,3.11
S000174,2023FA,WD-2023FA-ANTH-172A,ANTH,172,3,Graded,A-,3.65
S000174,2023FA,WD-2023FA-POL-153D,POL,153,3,Graded,A-,3.75
S000174,2023FA,WD-2023FA-HIST-153D,HIST,153,3,Graded,A-,3.5
S000174,2023FA,WD-2023FA-ENG-101C,ENG,101,3,Graded,A-,3.65
S000174,2023FA,WD-2023FA-HSSP-140D,HSSP,140,3,Graded,A,3.94
S000175,2023FA,WD-2023FA-MATH-184C,MATH,184,3,Graded,A-,3.63
S000175,2023FA,WD-2023FA-PHIL-137A,PHIL,137,4,Graded,A-,3.55
S000175,2023FA,WD-2023FA-ECON-134B,ECON,134,3,Graded,A-,3.72
S000175,2023FA,WD-2023FA-MATH-107A,MATH,107,3,Graded,B+,3.46
S000176,2023FA,WD-2023FA-HSSP-157C,HSSP,157,3,Graded,A,3.96
S000176,2023FA,WD-2023FA-BUS-173B,BUS,173,3,Graded,A-,3.8
S000176,2023FA,WD-2023FA-PSYC-157C,PSYC,157,3,Graded,A,4.0
S000176,2023FA,WD-2023FA-BUS-102C,BUS,102,4,Graded,A-,3.79
S000176,2023FA,WD-2023FA-ECON-132D,ECON,132,3,Graded,A-,3.57
S000177,2023FA,WD-2023FA-HIST-158A,HIST,158,3,Graded,B,3.12
S000177,2023FA,WD-2023FA-POL-160D,POL,160,3,Graded,B-,2.67
S000177,2023FA,WD-2023FA-ENVS-110C,ENVS,110,4,Graded,B,3.17
S000179,2023FA,WD-2023FA-COSI-149D,COSI,149,3,Graded,A-,3.54
S000180,2023FA,WD-2023FA-NEUR-121D,NEUR,121,3,Graded,B+,3.38
S000180,2023FA,WD-2023FA-BIOL-106C,BIOL,106,3,Graded,B,3.0
S000180,2023FA,WD-2023FA-BUS-143C,BUS,143,4,Graded,B,3.12
S000180,2023FA,WD-2023FA-ENVS-177B,ENVS,177,3,Graded,B+,3.36
S000182,2023FA,WD-2023FA-POL-150B,POL,150,3,Graded,A-,3.56
S000182,2023FA,WD-2023FA-ECON-143D,ECON,143,3,Graded,A-,3.61
S000182,2023FA,WD-2023FA-AMST-195A,AMST,195,3,Graded,A-,3.56
S000182,2023FA,WD-2023FA-BIOL-184C,BIOL,184,3,Graded,B+,3.47
S000185,2023FA,WD-2023FA-ECON-126C,ECON,126,3,Graded,D,1.17
S000186,2023FA,WD-2023FA-NEUR-138A,NEUR,138,3,Graded,A,4.0
S000186,2023FA,WD-2023FA-NEUR-123C,NEUR,123,3,Graded,A,3.87
S000186,2023FA,WD-2023FA-MATH-138D,MATH,138,3,Graded,A-,3.8
S000186,2023FA,WD-2023FA-MATH-182D,MATH,182,4,Graded,A-,3.75
S000186,2023FA,WD-2023FA-ECON-145A,ECON,145,3,Graded,A-,3.74
S000191,2023FA,WD-2023FA-MATH-198D,MATH,198,3,Graded,B,3.0
S000191,2023FA,WD-2023FA-ANTH-161B,ANTH,161,3,Graded,B,2.91
S000191,2023FA,WD-2023FA-AMST-172C,AMST,172,4,Graded,B,2.97
S000191,2023FA,WD-2023FA-CHEM-180C,CHEM,180,3,Graded,B,2.91
S000192,2023FA,WD-2023FA-ENVS-186C,ENVS,186,3,Graded,C,2.1
S000192,2023FA,WD-2023FA-ECON-163A,ECON,163,3,Graded,C,2.09
S000192,2023FA,WD-2023FA-ENVS-187C,ENVS,187,4,Graded,C+,2.21
S000194,2023FA,WD-2023FA-AMST-157D,AMST,157,3,Graded,A-,3.53
S000194,2023FA,WD-2023FA-POL-127A,POL,127,4,Graded,A-,3.51
S000194,2023FA,WD-2023FA-BUS-162B,BUS,162,4,Graded,B+,3.46
S000194,2023FA,WD-2023FA-PHIL-175A,PHIL,175,3,Graded,A-,3.56
S000195,2023FA,WD-2023FA-BIOL-198B,BIOL,198,3,Graded,A-,3.65
S000195,2023FA,WD-2023FA-ENG-183C,ENG,183,3,Graded,A-,3.64
S000195,2023FA,WD-2023FA-ANTH-169B,ANTH,169,3,Graded,B+,3.41
S000195,2023FA,WD-2023FA-ENG-174C,ENG,174,3,Graded,A-,3.78
S000196,2023FA,WD-2023FA-PSYC-126D,PSYC,126,3,Graded,A,3.87
S000196,2023FA,WD-2023FA-COSI-196C,COSI,196,3,Graded,A,3.92
S000196,2023FA,WD-2023FA-NEUR-145C,NEUR,145,3,Graded,A,3.98
S000196,2023FA,WD-2023FA-CHEM-166B,CHEM,166,3,Graded,A-,3.7
S000196,2023FA,WD-2023FA-ENG-111C,ENG,111,3,Graded,A,3.89
S000197,2023FA,WD-2023FA-POL-173C,POL,173,4,Graded,A-,3.62
S000197,2023FA,WD-2023FA-NEUR-146D,NEUR,146,4,Graded,A-,3.76
S000197,2023FA,WD-2023FA-ANTH-105B,ANTH,105,3,Graded,A-,3.82
S000197,2023FA,WD-2023FA-BIOL-113D,BIOL,113,3,Graded,A-,3.74
S000197,2023FA,WD-2023FA-NEUR-101B,NEUR,101,3,Graded,A,4.0
S000198,2023FA,WD-2023FA-HIST-121A,HIST,121,3,Graded,A-,3.75
S000198,2023FA,WD-2023FA-CHEM-166A,CHEM,166,3,Graded,A-,3.52
S000198,2023FA,WD-2023FA-NEUR-184D,NEUR,184,3,Graded,A-,3.75
S000198,2023FA,WD-2023FA-MATH-197A,MATH,197,3,Graded,A-,3.62
S000198,2023FA,WD-2023FA-HIST-162B,HIST,162,3,Graded,B+,3.41
S000199,2023FA,WD-2023FA-ENVS-171B,ENVS,171,3,Graded,B+,3.34
S000199,2023FA,WD-2023FA-AMST-168D,AMST,168,3,Graded,B+,3.23
S000199,2023FA,WD-2023FA-COSI-183B,COSI,183,3,Graded,B+,3.26
S000199,2023FA,WD-2023FA-PHIL-152B,PHIL,152,4,Graded,B+,3.37
S000199,2023FA,WD-2023FA-ENVS-196B,ENVS,196,3,Graded,B+,3.43
S000200,2023FA,WD-2023FA-COSI-110D,COSI,110,3,Graded,A,4.0
S000200,2023FA,WD-2023FA-HIST-184B,HIST,184,4,Graded,A,3.96
S000200,2023FA,WD-2023FA-PSYC-191D,PSYC,191,4,Graded,A,3.93
S000200,2023FA,WD-2023FA-AMST-181C,AMST,181,3,Graded,A,3.91
S000200,2023FA,WD-2023FA-POL-160B,POL,160,4,Graded,A,3.91
S000201,2023FA,WD-2023FA-BUS-185B,BUS,185,3,Graded,A,3.98
S000201,2023FA,WD-2023FA-AMST-178A,AMST,178,3,Graded,A-,3.66
S000201,2023FA,WD-2023FA-HIST-135C,HIST,135,3,Graded,A-,3.75
S000201,2023FA,WD-2023FA-HIST-149A,HIST,149,4,Graded,A,3.9
S000201,2023FA,WD-2023FA-PSYC-112C,PSYC,112,3,Graded,A-,3.8
S000202,2023FA,WD-2023FA-ENG-111D,ENG,111,3,Graded,A-,3.77
S000202,2023FA,WD-2023FA-BUS-158C,BUS,158,4,Graded,A-,3.7
S000202,2023FA,WD-2023FA-MATH-107C,MATH,107,3,Graded,A-,3.83
S000202,2023FA,WD-2023FA-PSYC-186C,PSYC,186,3,Graded,A-,3.64
S000203,2023FA,WD-2023FA-BIOL-167A,BIOL,167,4,Graded,F,0.69
S000203,2023FA,WD-2023FA-NEUR-156B,NEUR,156,3,Graded,F,0.96
S000203,2023FA,WD-2023FA-HIST-118D,HIST,118,3,Graded,F,0.65
S000203,2023FA,WD-2023FA-AMST-143C,AMST,143,3,Graded,F,0.6
S000203,2023FA,WD-2023FA-ENG-114C,ENG,114,3,Graded,F,0.78
S000205,2023FA,WD-2023FA-CHEM-159D,CHEM,159,3,Graded,F,0.0
S000205,2023FA,WD-2023FA-ANTH-173D,ANTH,173,3,Graded,F,0.0
S000205,2023FA,WD-2023FA-ANTH-103C,ANTH,103,4,Graded,F,0.08
S000206,2023FA,WD-2023FA-NEUR-100B,NEUR,100,3,Graded,B+,3.23
S000206,2023FA,WD-2023FA-BIOL-172B,BIOL,172,3,Graded,B+,3.32
S000206,2023FA,WD-2023FA-PHIL-160D,PHIL,160,3,Graded,B,2.99
S000206,2023FA,WD-2023FA-ANTH-171C,ANTH,171,3,Graded,B,3.09
S000209,2023FA,WD-2023FA-PSYC-177D,PSYC,177,4,Graded,A-,3.74
S000209,2023FA,WD-2023FA-NEUR-117D,NEUR,117,3,Graded,A-,3.75
S000211,2023FA,WD-2023FA-ECON-137C,ECON,137,3,Graded,A-,3.77
S000211,2023FA,WD-2023FA-HSSP-120C,HSSP,120,3,Graded,A,3.85
S000213,2023FA,WD-2023FA-AMST-133A,AMST,133,3,Graded,B+,3.47
S000213,2023FA,WD-2023FA-COSI-114C,COSI,114,4,Graded,A-,3.55
S000213,2023FA,WD-2023FA-BIOL-134C,BIOL,134,3,Graded,A-,3.52
S000213,2023FA,WD-2023FA-ENG-128C,ENG,128,4,Graded,A-,3.54
S000213,2023FA,WD-2023FA-BUS-190D,BUS,190,3,Graded,B+,3.46
S000216,2023FA,WD-2023FA-HSSP-146A,HSSP,146,3,Graded,B+,3.26
S000216,2023FA,WD-2023FA-POL-132D,POL,132,3,Graded,B,3.15
S000216,2023FA,WD-2023FA-ANTH-190C,ANTH,190,3,Graded,B,3.16
S000216,2023FA,WD-2023FA-ENG-188D,ENG,188,3,Graded,B+,3.22
S000218,2023FA,WD-2023FA-POL-183B,POL,183,3,Graded,A,4.0
S000218,2023FA,WD-2023FA-CHEM-112D,CHEM,112,3,Graded,A,3.94
S000218,2023FA,WD-2023FA-POL-179C,POL,179,3,Graded,A,4.0
S000218,2023FA,WD-2023FA-PHIL-153A,PHIL,153,3,Graded,A,3.9
S000218,2023FA,WD-2023FA-BIOL-164C,BIOL,164,3,Graded,A,4.0
S000219,2023FA,WD-2023FA-BIOL-185B,BIOL,185,3,Graded,A,3.92
S000219,2023FA,WD-2023FA-ENVS-126A,ENVS,126,3,Graded,A,4.0
S000219,2023FA,WD-2023FA-CHEM-143C,CHEM,143,3,Graded,A,4.0
S000219,2023FA,WD-2023FA-HSSP-129B,HSSP,129,3,Graded,A,4.0
S000219,2023FA,WD-2023FA-COSI-175C,COSI,175,3,Graded,A,4.0
S000220,2023FA,WD-2023FA-PSYC-173D,PSYC,173,3,Graded,B-,2.84
S000220,2023FA,WD-2023FA-ANTH-166B,ANTH,166,3,Graded,B-,2.72
S000220,2023FA,WD-2023FA-HSSP-196A,HSSP,196,3,Graded,B-,2.8
S000220,2023FA,WD-2023FA-ENVS-152C,ENVS,152,3,Graded,B,2.87
S000220,2023FA,WD-2023FA-AMST-156B,AMST,156,4,Graded,B-,2.73
S000221,2023FA,WD-2023FA-PSYC-172B,PSYC,172,3,Graded,D,1.2
S000221,2023FA,WD-2023FA-COSI-181B,COSI,181,4,Graded,D,1.16
S000221,2023FA,WD-2023FA-ENVS-125C,ENVS,125,3,Graded,F,0.84
S000221,2023FA,WD-2023FA-AMST-175D,AMST,175,3,Graded,D,1.02
S000221,2023FA,WD-2023FA-POL-118B,POL,118,3,Graded,D,1.0
S000224,2023FA,WD-2023FA-POL-171D,POL,171,3,Graded,A,3.86
S000224,2023FA,WD-2023FA-HIST-162C,HIST,162,3,Graded,A-,3.61
S000226,2023FA,WD-2023FA-CHEM-188C,CHEM,188,3,Graded,B,2.85
S000226,2023FA,WD-2023FA-CHEM-114D,CHEM,114,3,Graded,C+,2.35
S000226,2023FA,WD-2023FA-PHIL-184B,PHIL,184,4,Graded,B-,2.62
S000226,2023FA,WD-2023FA-BIOL-150B,BIOL,150,3,Graded,B-,2.6
S000226,2023FA,WD-2023FA-POL-158B,POL,158,3,Graded,B-,2.66
S000227,2023FA,WD-2023FA-ECON-128B,ECON,128,3,Graded,D,1.1
S000227,2023FA,WD-2023FA-HSSP-145A,HSSP,145,3,Graded,D,1.19
S000229,2023FA,WD-2023FA-PHIL-152C,PHIL,152,3,Graded,A,4.0
S000229,2023FA,WD-2023FA-NEUR-185B,NEUR,185,4,Graded,A,3.86
S000229,2023FA,WD-2023FA-PSYC-164C,PSYC,164,3,Graded,A,4.0
S000229,2023FA,WD-2023FA-MATH-119D,MATH,119,3,Graded,A,3.95
S000229,2023FA,WD-2023FA-PSYC-113D,PSYC,113,3,Graded,A,3.94
S000230,2023FA,WD-2023FA-PHIL-176C,PHIL,176,3,Graded,D,1.37
S000230,2023FA,WD-2023FA-COSI-186B,COSI,186,4,Graded,D,1.2
S000230,2023FA,WD-2023FA-PHIL-193D,PHIL,193,3,Graded,D,1.18
S000232,2023FA,WD-2023FA-HIST-130C,HIST,130,3,Graded,B,3.08
S000232,2023FA,WD-2023FA-ENVS-189B,ENVS,189,3,Graded,B+,3.25
S000232,2023FA,WD-2023FA-MATH-178B,MATH,178,4,Graded,B+,3.24
S000232,2023FA,WD-2023FA-NEUR-138D,NEUR,138,4,Graded,B,3.19
S000233,2023FA,WD-2023FA-BIOL-113C,BIOL,113,3,Graded,B,2.9
S000233,2023FA,WD-2023FA-NEUR-123B,NEUR,123,3,Graded,B,2.87
S000233,2023FA,WD-2023FA-NEUR-171C,NEUR,171,3,Graded,B,3.18
S000235,2023FA,WD-2023FA-ENVS-182C,ENVS,182,3,Graded,B+,3.22
S000235,2023FA,WD-2023FA-ECON-153B,ECON,153,4,Graded,B,3.17
S000235,2023FA,WD-2023FA-ENVS-196A,ENVS,196,4,Graded,B+,3.43
S000236,2023FA,WD-2023FA-PHIL-109A,PHIL,109,3,Graded,A,4.0
S000236,2023FA,WD-2023FA-COSI-138D,COSI,138,3,Graded,A,4.0
S000236,2023FA,WD-2023FA-BUS-163A,BUS,163,4,Graded,A-,3.8
S000236,2023FA,WD-2023FA-BUS-187A,BUS,187,3,Graded,A,4.0
S000236,2023FA,WD-2023FA-POL-152B,POL,152,3,Graded,A,4.0
S000237,2023FA,WD-2023FA-PHIL-131B,PHIL,131,3,Graded,B+,3.31
S000237,2023FA,WD-2023FA-NEUR-115A,NEUR,115,3,Graded,B,2.99
S000237,2023FA,WD-2023FA-AMST-109B,AMST,109,4,Graded,B,2.95
S000237,2023FA,WD-2023FA-BIOL-160C,BIOL,160,4,Graded,B-,2.74
S000237,2023FA,WD-2023FA-ENG-115C,ENG,115,3,Graded,B,3.02
S000238,2023FA,WD-2023FA-ANTH-126B,ANTH,126,3,Graded,A-,3.68
S000238,2023FA,WD-2023FA-BUS-100A,BUS,100,3,Graded,A-,3.66
S000238,2023FA,WD-2023FA-PHIL-170C,PHIL,170,3,Graded,A-,3.74
S000238,2023FA,WD-2023FA-HSSP-121A,HSSP,121,3,Graded,A-,3.67
S000239,2023FA,WD-2023FA-COSI-120C,COSI,120,3,Graded,A-,3.83
S000239,2023FA,WD-2023FA-HSSP-197A,HSSP,197,3,Graded,A,4.0
S000239,2023FA,WD-2023FA-BUS-189C,BUS,189,3,Graded,A-,3.7
S000239,2023FA,WD-2023FA-PSYC-167B,PSYC,167,3,Graded,A,3.98
S000240,2023FA,WD-2023FA-HSSP-152A,HSSP,152,3,Graded,A-,3.7
S000240,2023FA,WD-2023FA-COSI-134D,COSI,134,4,Graded,A-,3.77
S000240,2023FA,WD-2023FA-AMST-145D,AMST,145,3,Graded,A,3.87
S000240,2023FA,WD-2023FA-COSI-165A,COSI,165,4,Graded,A-,3.75
S000240,2023FA,WD-2023FA-NEUR-157D,NEUR,157,3,Graded,A-,3.72
S000241,2023FA,WD-2023FA-AMST-199B,AMST,199,3,Graded,A,3.87
S000241,2023FA,WD-2023FA-ENG-136C,ENG,136,4,Graded,A,4.0
S000241,2023FA,WD-2023FA-POL-189A,POL,189,3,Graded,A-,3.76
S000241,2023FA,WD-2023FA-ECON-196B,ECON,196,3,Graded,A,3.96
S000243,2023FA,WD-2023FA-AMST-136C,AMST,136,3,Graded,B+,3.44
S000243,2023FA,WD-2023FA-BUS-195D,BUS,195,3,Graded,B+,3.29
S000243,2023FA,WD-2023FA-HIST-172A,HIST,172,3,Graded,B+,3.29
S000243,2023FA,WD-2023FA-NEUR-186C,NEUR,186,3,Graded,B+,3.37
S000243,2023FA,WD-2023FA-CHEM-158D,CHEM,158,3,Graded,B+,3.24
S000246,2023FA,WD-2023FA-ECON-109B,ECON,109,3,Graded,B+,3.27
S000246,2023FA,WD-2023FA-PHIL-103B,PHIL,103,3,Graded,B,2.94
S000246,2023FA,WD-2023FA-POL-188B,POL,188,3,Graded,B+,3.2
S000246,2023FA,WD-2023FA-MATH-147A,MATH,147,3,Graded,B,3.01
S000250,2023FA,WD-2023FA-NEUR-138C,NEUR,138,3,Graded,B+,3.36
S000250,2023FA,WD-2023FA-CHEM-188C,CHEM,188,3,Graded,B+,3.27
S000250,2023FA,WD-2023FA-HSSP-191B,HSSP,191,3,Graded,A-,3.67
S000250,2023FA,WD-2023FA-PSYC-178A,PSYC,178,3,Graded,A-,3.59
S000250,2023FA,WD-2023FA-NEUR-174C,NEUR,174,4,Graded,A-,3.54
S000251,2023FA,WD-2023FA-BUS-123A,BUS,123,3,Graded,B+,3.32
S000251,2023FA,WD-2023FA-ANTH-130D,ANTH,130,3,Graded,A-,3.52
S000251,2023FA,WD-2023FA-BIOL-114B,BIOL,114,3,Graded,B+,3.26
S000251,2023FA,WD-2023FA-POL-129D,POL,129,3,Graded,B+,3.35
S000251,2023FA,WD-2023FA-COSI-128B,COSI,128,3,Graded,B+,3.24
S000252,2023FA,WD-2023FA-HIST-193C,HIST,193,3,Graded,C-,1.83
S000252,2023FA,WD-2023FA-AMST-103C,AMST,103,3,Graded,C,1.86
S000252,2023FA,WD-2023FA-NEUR-191C,NEUR,191,3,Graded,C-,1.74
S000252,2023FA,WD-2023FA-COSI-120C,COSI,120,3,Graded,C-,1.61
S000252,2023FA,WD-2023FA-ECON-183A,ECON,183,4,Graded,C-,1.82
S000253,2023FA,WD-2023FA-PHIL-111D,PHIL,111,4,Graded,B+,3.4
S000253,2023FA,WD-2023FA-ENG-192B,ENG,192,3,Graded,B+,3.24
S000253,2023FA,WD-2023FA-CHEM-130D,CHEM,130,3,Graded,B+,3.28
S000253,2023FA,WD-2023FA-MATH-190B,MATH,190,3,Graded,B,3.03
S000253,2023FA,WD-2023FA-COSI-157B,COSI,157,3,Graded,B+,3.45
S000256,2023FA,WD-2023FA-ECON-185A,ECON,185,3,Graded,B+,3.47
S000256,2023FA,WD-2023FA-PSYC-117B,PSYC,117,3,Graded,A-,3.68
S000256,2023FA,WD-2023FA-MATH-120A,MATH,120,3,Graded,A-,3.57
S000256,2023FA,WD-2023FA-COSI-115A,COSI,115,3,Graded,A-,3.51
S000257,2023FA,WD-2023FA-ECON-115B,ECON,115,3,Graded,A-,3.51
S000257,2023FA,WD-2023FA-ECON-179A,ECON,179,3,Graded,A-,3.62
S000257,2023FA,WD-2023FA-BUS-156B,BUS,156,3,Graded,A-,3.67
S000257,2023FA,WD-2023FA-ENG-164C,ENG,164,3,Graded,B+,3.32
S000257,2023FA,WD-2023FA-AMST-190A,AMST,190,3,Graded,B+,3.42
S000258,2023FA,WD-2023FA-PHIL-133B,PHIL,133,3,Graded,B,2.89
S000260,2023FA,WD-2023FA-MATH-141D,MATH,141,3,Graded,B+,3.38
S000261,2023FA,WD-2023FA-HSSP-122A,HSSP,122,3,Graded,B,2.88
S000261,2023FA,WD-2023FA-HSSP-154B,HSSP,154,3,Graded,B,3.07
S000261,2023FA,WD-2023FA-AMST-103D,AMST,103,3,Graded,B,3.11
S000261,2023FA,WD-2023FA-NEUR-145A,NEUR,145,3,Graded,B,3.05
S000262,2023FA,WD-2023FA-ENG-182A,ENG,182,3,Graded,B-,2.55
S000262,2023FA,WD-2023FA-MATH-122B,MATH,122,3,Graded,B,2.85
S000262,2023FA,WD-2023FA-BUS-142D,BUS,142,3,Graded,B,2.9
S000262,2023FA,WD-2023FA-MATH-172B,MATH,172,3,Graded,B,2.97
S000262,2023FA,WD-2023FA-ENVS-152A,ENVS,152,3,Graded,B,3.09
S000263,2023FA,WD-2023FA-POL-171C,POL,171,3,Graded,B-,2.66
S000263,2023FA,WD-2023FA-ANTH-166A,ANTH,166,3,Graded,B-,2.71
S000263,2023FA,WD-2023FA-POL-139B,POL,139,3,Graded,B-,2.52
S000263,2023FA,WD-2023FA-PSYC-136A,PSYC,136,3,Graded,B-,2.52
S000263,2023FA,WD-2023FA-MATH-170C,MATH,170,4,Graded,C+,2.39
S000264,2023FA,WD-2023FA-BUS-141B,BUS,141,3,Graded,B+,3.34
S000264,2023FA,WD-2023FA-POL-113C,POL,113,3,Graded,B+,3.3
S000264,2023FA,WD-2023FA-HSSP-146B,HSSP,146,4,Graded,A-,3.5
S000264,2023FA,WD-2023FA-BUS-171C,BUS,171,3,Graded,B+,3.39
S000264,2023FA,WD-2023FA-NEUR-192B,NEUR,192,3,Graded,B+,3.31
S000265,2023FA,WD-2023FA-AMST-187D,AMST,187,3,Graded,C,1.85
S000265,2023FA,WD-2023FA-MATH-101C,MATH,101,4,Graded,C,2.05
S000265,2023FA,WD-2023FA-PSYC-189D,PSYC,189,3,Graded,C,1.93
S000265,2023FA,WD-2023FA-PSYC-146A,PSYC,146,3,Graded,C,1.92
S000266,2023FA,WD-2023FA-CHEM-163B,CHEM,163,3,Graded,A-,3.65
S000266,2023FA,WD-2023FA-MATH-139D,MATH,139,3,Graded,A-,3.6
S000266,2023FA,WD-2023FA-PSYC-197A,PSYC,197,4,Graded,A-,3.55
S000266,2023FA,WD-2023FA-HIST-142A,HIST,142,3,Graded,A-,3.55
S000267,2023FA,WD-2023FA-ENVS-140D,ENVS,140,3,Graded,B,3.15
S000267,2023FA,WD-2023FA-BIOL-193A,BIOL,193,3,Graded,B,3.11
S000267,2023FA,WD-2023FA-PHIL-123B,PHIL,123,3,Graded,B+,3.2
S000267,2023FA,WD-2023FA-ENVS-153C,ENVS,153,4,Graded,B,3.19
S000267,2023FA,WD-2023FA-PSYC-125D,PSYC,125,3,Graded,B,2.94
S000268,2023FA,WD-2023FA-PSYC-126B,PSYC,126,3,Graded,A,3.89
S000268,2023FA,WD-2023FA-PHIL-173B,PHIL,173,4,Graded,A,4.0
S000268,2023FA,WD-2023FA-ENVS-104B,ENVS,104,3,Graded,A,4.0
S000268,2023FA,WD-2023FA-MATH-180B,MATH,180,3,Graded,A-,3.76
S000268,2023FA,WD-2023FA-HSSP-126B,HSSP,126,3,Graded,A,3.87
S000269,2023FA,WD-2023FA-BUS-139C,BUS,139,3,Graded,A,3.94
S000269,2023FA,WD-2023FA-COSI-172D,COSI,172,3,Graded,A,3.88
S000269,2023FA,WD-2023FA-PHIL-152C,PHIL,152,4,Graded,A,3.99
S000269,2023FA,WD-2023FA-ENVS-109C,ENVS,109,3,Graded,A,3.86
S000270,2023FA,WD-2023FA-HSSP-174C,HSSP,174,3,Graded,B+,3.47
S000270,2023FA,WD-2023FA-AMST-157B,AMST,157,3,Graded,A-,3.54
S000270,2023FA,WD-2023FA-ECON-119C,ECON,119,4,Graded,B+,3.27
S000270,2023FA,WD-2023FA-HIST-114C,HIST,114,3,Graded,A-,3.54
S000270,2023FA,WD-2023FA-NEUR-166C,NEUR,166,3,Graded,B+,3.42
S000271,2023FA,WD-2023FA-COSI-165A,COSI,165,3,Graded,A-,3.55
S000271,2023FA,WD-2023FA-NEUR-121A,NEUR,121,4,Graded,B+,3.21
S000271,2023FA,WD-2023FA-PHIL-186B,PHIL,186,3,Graded,A-,3.59
S000271,2023FA,WD-2023FA-BIOL-150C,BIOL,150,4,Graded,B+,3.41
S000273,2023FA,WD-2023FA-ENG-142D,ENG,142,3,Graded,B+,3.49
S000273,2023FA,WD-2023FA-MATH-100C,MATH,100,3,Graded,B+,3.27
S000273,2023FA,WD-2023FA-HSSP-127D,HSSP,127,3,Graded,B,3.08
S000274,2023FA,WD-2023FA-NEUR-150A,NEUR,150,4,Graded,A-,3.54
S000274,2023FA,WD-2023FA-BUS-176D,BUS,176,3,Graded,A-,3.65
S000274,2023FA,WD-2023FA-CHEM-180A,CHEM,180,3,Graded,A-,3.66
S000274,2023FA,WD-2023FA-PSYC-175A,PSYC,175,3,Graded,A-,3.54
S000275,2023FA,WD-2023FA-HSSP-122D,HSSP,122,3,Graded,A,3.94
S000275,2023FA,WD-2023FA-NEUR-149C,NEUR,149,3,Graded,A,3.9
S000275,2023FA,WD-2023FA-CHEM-197C,CHEM,197,4,Graded,A,4.0
S000276,2023FA,WD-2023FA-COSI-163B,COSI,163,3,Graded,B,2.91
S000276,2023FA,WD-2023FA-POL-124D,POL,124,3,Graded,B,3.13
S000276,2023FA,WD-2023FA-COSI-108B,COSI,108,3,Graded,B,3.12
S000277,2023FA,WD-2023FA-ENG-112A,ENG,112,3,Graded,A-,3.7
S000277,2023FA,WD-2023FA-HSSP-199D,HSSP,199,3,Graded,A-,3.57
S000277,2023FA,WD-2023FA-BIOL-197A,BIOL,197,3,Graded,A-,3.72
S000277,2023FA,WD-2023FA-MATH-108D,MATH,108,3,Graded,A-,3.59
S000277,2023FA,WD-2023FA-CHEM-142B,CHEM,142,3,Graded,A,3.93
S000277,2023FA,WD-2023FA-BUS-188B,BUS,188,3,Graded,A-,3.5
S000280,2023FA,WD-2023FA-ENVS-104D,ENVS,104,3,Graded,A-,3.66
S000280,2023FA,WD-2023FA-ECON-111C,ECON,111,3,Graded,A-,3.75
S000280,2023FA,WD-2023FA-HSSP-118C,HSSP,118,3,Graded,A-,3.71
S000280,2023FA,WD-2023FA-ENG-102B,ENG,102,3,Graded,A,3.85
S000282,2023FA,WD-2023FA-ANTH-112A,ANTH,112,3,Graded,B-,2.52
S000282,2023FA,WD-2023FA-NEUR-172C,NEUR,172,3,Graded,B-,2.62
S000282,2023FA,WD-2023FA-ENG-188C,ENG,188,3,Graded,B-,2.68
S000283,2023FA,WD-2023FA-MATH-175D,MATH,175,3,Graded,A-,3.69
S000283,2023FA,WD-2023FA-ECON-127C,ECON,127,4,Graded,A-,3.67
S000283,2023FA,WD-2023FA-ENVS-151C,ENVS,151,3,Graded,A-,3.69
S000283,2023FA,WD-2023FA-BIOL-101B,BIOL,101,4,Graded,A-,3.72
S000284,2023FA,WD-2023FA-ENVS-132D,ENVS,132,3,Graded,B,2.94
S000284,2023FA,WD-2023FA-BUS-187B,BUS,187,4,Graded,B,2.9
S000284,2023FA,WD-2023FA-HSSP-131A,HSSP,131,3,Graded,B,3.09
S000284,2023FA,WD-2023FA-HIST-130A,HIST,130,4,Graded,B,3.1
S000284,2023FA,WD-2023FA-POL-107C,POL,107,3,Graded,B,3.01
S000287,2023FA,WD-2023FA-ANTH-144A,ANTH,144,3,Graded,B+,3.25
S000289,2023FA,WD-2023FA-BIOL-121C,BIOL,121,3,Graded,D,1.05
S000289,2023FA,WD-2023FA-COSI-138C,COSI,138,4,Graded,D,1.09
S000289,2023FA,WD-2023FA-POL-121B,POL,121,3,Graded,D,1.17
S000289,2023FA,WD-2023FA-PSYC-164D,PSYC,164,3,Graded,D,1.04
S000293,2023FA,WD-2023FA-COSI-155C,COSI,155,3,Graded,B,2.94
S000293,2023FA,WD-2023FA-HIST-168A,HIST,168,4,Graded,B-,2.73
S000293,2023FA,WD-2023FA-ANTH-172B,ANTH,172,3,Graded,B,2.86
S000293,2023FA,WD-2023FA-HIST-168D,HIST,168,4,Graded,B-,2.75
S000295,2023FA,WD-2023FA-BIOL-193A,BIOL,193,3,Graded,D,1.16
S000295,2023FA,WD-2023FA-COSI-144A,COSI,144,4,Graded,D,1.11
S000296,2023FA,WD-2023FA-HIST-130B,HIST,130,3,Graded,B+,3.46
S000298,2023FA,WD-2023FA-MATH-132A,MATH,132,3,Graded,B-,2.77
S000298,2023FA,WD-2023FA-COSI-128B,COSI,128,4,Graded,B-,2.82
S000298,2023FA,WD-2023FA-HSSP-157C,HSSP,157,3,Graded,B,2.85
S000298,2023FA,WD-2023FA-POL-117B,POL,117,3,Graded,B-,2.82
S000298,2023FA,WD-2023FA-HIST-100D,HIST,100,3,Graded,B-,2.8
S000299,2023FA,WD-2023FA-HSSP-100B,HSSP,100,3,Graded,B-,2.69
S000299,2023FA,WD-2023FA-CHEM-149A,CHEM,149,4,Graded,B-,2.61
S000300,2023FA,WD-2023FA-BUS-109C,BUS,109,3,Graded,A,3.95
S000300,2023FA,WD-2023FA-HSSP-137C,HSSP,137,3,Graded,A-,3.83
S000300,2023FA,WD-2023FA-ENG-152B,ENG,152,3,Graded,A,3.98
S000300,2023FA,WD-2023FA-MATH-132C,MATH,132,3,Graded,A,4.0
S000300,2023FA,WD-2023FA-COSI-133C,COSI,133,3,Graded,A,4.0
S000302,2023FA,WD-2023FA-ENG-142A,ENG,142,3,Graded,A,3.85
S000302,2023FA,WD-2023FA-PHIL-114B,PHIL,114,3,Graded,A,3.85
S000302,2023FA,WD-2023FA-ANTH-195B,ANTH,195,3,Graded,A,4.0
S000302,2023FA,WD-2023FA-ANTH-171D,ANTH,171,3,Graded,A,4.0
S000303,2023FA,WD-2023FA-COSI-169B,COSI,169,3,Graded,B+,3.49
S000303,2023FA,WD-2023FA-AMST-112B,AMST,112,4,Graded,B+,3.34
S000303,2023FA,WD-2023FA-ANTH-149C,ANTH,149,3,Graded,A-,3.51
S000304,2023FA,WD-2023FA-BIOL-178D,BIOL,178,3,Graded,B+,3.21
S000305,2023FA,WD-2023FA-ECON-143D,ECON,143,3,Graded,C-,1.55
S000305,2023FA,WD-2023FA-ENG-138C,ENG,138,3,Graded,C-,1.52
S000306,2023FA,WD-2023FA-BIOL-150B,BIOL,150,3,Graded,B,3.17
S000306,2023FA,WD-2023FA-NEUR-183A,NEUR,183,4,Graded,B+,3.46
S000306,2023FA,WD-2023FA-MATH-153B,MATH,153,4,Graded,B+,3.42
S000306,2023FA,WD-2023FA-BUS-186A,BUS,186,3,Graded,B+,3.32
S000307,2023FA,WD-2023FA-CHEM-110D,CHEM,110,3,Graded,A,3.86
S000308,2023FA,WD-2023FA-COSI-199B,COSI,199,3,Graded,A-,3.56
S000308,2023FA,WD-2023FA-BUS-193C,BUS,193,4,Graded,A-,3.67
S000308,2023FA,WD-2023FA-ECON-106B,ECON,106,3,Graded,A-,3.77
S000308,2023FA,WD-2023FA-BIOL-170B,BIOL,170,4,Graded,A-,3.66
S000308,2023FA,WD-2023FA-ENVS-148B,ENVS,148,3,Graded,B+,3.4
S000310,2023FA,WD-2023FA-ENG-182B,ENG,182,3,Graded,A-,3.77
S000311,2023FA,WD-2023FA-COSI-187A,COSI,187,3,Graded,B,3.17
S000311,2023FA,WD-2023FA-BIOL-123B,BIOL,123,4,Graded,B,3.01
S000311,2023FA,WD-2023FA-PHIL-188C,PHIL,188,3,Graded,B,3.05
S000311,2023FA,WD-2023FA-PSYC-185C,PSYC,185,3,Graded,B,2.86
S000312,2023FA,WD-2023FA-AMST-150A,AMST,150,3,Graded,B-,2.66
S000312,2023FA,WD-2023FA-CHEM-122D,CHEM,122,3,Graded,C+,2.48
S000312,2023FA,WD-2023FA-POL-193C,POL,193,4,Graded,B-,2.66
S000314,2023FA,WD-2023FA-NEUR-114C,NEUR,114,4,Graded,B+,3.37
S000314,2023FA,WD-2023FA-ANTH-151D,ANTH,151,4,Graded,B,2.88
S000314,2023FA,WD-2023FA-BIOL-151C,BIOL,151,3,Graded,B+,3.23
S000314,2023FA,WD-2023FA-ENG-151A,ENG,151,3,Graded,B,3.19
S000314,2023FA,WD-2023FA-AMST-131A,AMST,131,3,Graded,B,3.11
S000315,2023FA,WD-2023FA-BIOL-117D,BIOL,117,3,Graded,B-,2.63
S000316,2023FA,WD-2023FA-ECON-129A,ECON,129,3,Graded,F,0.37
S000316,2023FA,WD-2023FA-ECON-149C,ECON,149,3,Graded,F,0.43
S000316,2023FA,WD-2023FA-CHEM-148D,CHEM,148,4,Graded,F,0.44
S000316,2023FA,WD-2023FA-PSYC-169C,PSYC,169,3,Graded,F,0.41
S000317,2023FA,WD-2023FA-BIOL-106D,BIOL,106,3,Graded,A,4.0
S000317,2023FA,WD-2023FA-HSSP-153C,HSSP,153,3,Graded,A,4.0
S000317,2023FA,WD-2023FA-ENG-196B,ENG,196,3,Graded,A,4.0
S000317,2023FA,WD-2023FA-BUS-123A,BUS,123,3,Graded,A,3.86
S000317,2023FA,WD-2023FA-ANTH-194D,ANTH,194,3,Graded,A,4.0
S000317,2023FA,WD-2023FA-ENG-196C,ENG,196,3,Graded,A,4.0
S000318,2023FA,WD-2023FA-NEUR-113B,NEUR,113,3,Graded,C+,2.25
S000318,2023FA,WD-2023FA-ANTH-166D,ANTH,166,3,Graded,C+,2.22
S000318,2023FA,WD-2023FA-PHIL-171B,PHIL,171,4,Graded,C+,2.33
S000318,2023FA,WD-2023FA-BIOL-192B,BIOL,192,3,Graded,C+,2.39
S000318,2023FA,WD-2023FA-BUS-105C,BUS,105,4,Graded,C+,2.27
S000320,2023FA,WD-2023FA-MATH-179B,MATH,179,4,Graded,B,2.89
S000320,2023FA,WD-2023FA-PSYC-162C,PSYC,162,3,Graded,B-,2.77
S000320,2023FA,WD-2023FA-BIOL-119B,BIOL,119,3,Graded,B,2.95
S000320,2023FA,WD-2023FA-MATH-180B,MATH,180,3,Graded,B-,2.73
S000320,2023FA,WD-2023FA-NEUR-110C,NEUR,110,3,Graded,B-,2.65
S000321,2023FA,WD-2023FA-BIOL-193C,BIOL,193,3,Graded,A,4.0
S000321,2023FA,WD-2023FA-MATH-101C,MATH,101,3,Graded,A,4.0
S000321,2023FA,WD-2023FA-CHEM-145D,CHEM,145,3,Graded,A,3.96
S000321,2023FA,WD-2023FA-ANTH-158C,ANTH,158,3,Graded,A,4.0
S000321,2023FA,WD-2023FA-ECON-130A,ECON,130,3,Graded,A,4.0
S000322,2023FA,WD-2023FA-AMST-195D,AMST,195,4,Graded,D,1.47
S000322,2023FA,WD-2023FA-ENVS-168D,ENVS,168,3,Graded,D,1.34
S000322,2023FA,WD-2023FA-COSI-162A,COSI,162,3,Graded,D,1.43
S000322,2023FA,WD-2023FA-PSYC-106D,PSYC,106,3,Graded,C-,1.65
S000323,2023FA,WD-2023FA-PHIL-165B,PHIL,165,3,Graded,B,3.19
S000323,2023FA,WD-2023FA-ANTH-145C,ANTH,145,3,Graded,A-,3.56
S000323,2023FA,WD-2023FA-AMST-164A,AMST,164,3,Graded,B+,3.39
S000323,2023FA,WD-2023FA-MATH-117B,MATH,117,3,Graded,B+,3.41
S000323,2023FA,WD-2023FA-HIST-168B,HIST,168,3,Graded,B+,3.44
S000324,2023FA,WD-2023FA-CHEM-187D,CHEM,187,4,Graded,A,4.0
S000324,2023FA,WD-2023FA-ANTH-146C,ANTH,146,4,Graded,A,3.97
S000324,2023FA,WD-2023FA-POL-158D,POL,158,3,Graded,A,3.97
S000324,2023FA,WD-2023FA-ECON-128C,ECON,128,3,Graded,A,4.0
S000325,2023FA,WD-2023FA-AMST-182A,AMST,182,4,Graded,C,1.86
S000325,2023FA,WD-2023FA-ECON-165A,ECON,165,3,Graded,C-,1.81
S000325,2023FA,WD-2023FA-HSSP-195D,HSSP,195,4,Graded,C,1.86
S000330,2023FA,WD-2023FA-PHIL-139D,PHIL,139,4,Graded,B,3.0
S000330,2023FA,WD-2023FA-PSYC-107C,PSYC,107,4,Graded,B,3.14
S000330,2023FA,WD-2023FA-PSYC-159D,PSYC,159,3,Graded,B,2.94
S000331,2023FA,WD-2023FA-PHIL-190D,PHIL,190,3,Graded,A-,3.69
S000331,2023FA,WD-2023FA-BIOL-182D,BIOL,182,4,Graded,A-,3.77
S000331,2023FA,WD-2023FA-ECON-110C,ECON,110,3,Graded,A-,3.72
S000331,2023FA,WD-2023FA-HIST-123B,HIST,123,3,Graded,B+,3.38
S000331,2023FA,WD-2023FA-PHIL-195C,PHIL,195,4,Graded,B+,3.42
S000332,2023FA,WD-2023FA-PSYC-104A,PSYC,104,3,Graded,B-,2.57
S000332,2023FA,WD-2023FA-ENG-118D,ENG,118,3,Graded,C+,2.25
S000333,2023FA,WD-2023FA-BIOL-154D,BIOL,154,4,Graded,B+,3.38
S000333,2023FA,WD-2023FA-POL-119D,POL,119,3,Graded,B+,3.35
S000333,2023FA,WD-2023FA-PSYC-159D,PSYC,159,4,Graded,A-,3.59
S000333,2023FA,WD-2023FA-ECON-191D,ECON,191,3,Graded,B+,3.37
S000334,2023FA,WD-2023FA-HIST-116D,HIST,116,4,Graded,B+,3.36
S000334,2023FA,WD-2023FA-ECON-167C,ECON,167,3,Graded,B+,3.39
S000334,2023FA,WD-2023FA-HSSP-154B,HSSP,154,3,Graded,A-,3.74
S000334,2023FA,WD-2023FA-HSSP-139A,HSSP,139,3,Graded,A-,3.54
S000334,2023FA,WD-2023FA-ANTH-148B,ANTH,148,3,Graded,A-,3.61
S000335,2023FA,WD-2023FA-HSSP-180B,HSSP,180,4,Graded,B-,2.81
S000335,2023FA,WD-2023FA-CHEM-178D,CHEM,178,3,Graded,B-,2.82
S000335,2023FA,WD-2023FA-BUS-155C,BUS,155,3,Graded,B-,2.67
S000335,2023FA,WD-2023FA-COSI-143D,COSI,143,3,Graded,B,2.88
S000335,2023FA,WD-2023FA-PHIL-177B,PHIL,177,3,Graded,B-,2.79
S000336,2023FA,WD-2023FA-ECON-172C,ECON,172,3,Graded,B+,3.23
S000336,2023FA,WD-2023FA-PSYC-168D,PSYC,168,4,Graded,B+,3.42
S000336,2023FA,WD-2023FA-BUS-142B,BUS,142,3,Graded,B,3.15
S000336,2023FA,WD-2023FA-PSYC-118C,PSYC,118,3,Graded,B,3.18
S000337,2023FA,WD-2023FA-ECON-167C,ECON,167,4,Graded,A-,3.53
S000337,2023FA,WD-2023FA-ENG-151D,ENG,151,3,Graded,A-,3.5
S000337,2023FA,WD-2023FA-NEUR-156A,NEUR,156,3,Graded,B+,3.45
S000337,2023FA,WD-2023FA-AMST-115A,AMST,115,3,Graded,A-,3.63
S000339,2023FA,WD-2023FA-ENG-127C,ENG,127,3,Graded,A,4.0
S000339,2023FA,WD-2023FA-HIST-137C,HIST,137,3,Graded,A-,3.8
S000339,2023FA,WD-2023FA-NEUR-193A,NEUR,193,4,Graded,A,4.0
S000339,2023FA,WD-2023FA-CHEM-114B,CHEM,114,3,Graded,A,3.9
S000340,2023FA,WD-2023FA-HIST-141B,HIST,141,3,Graded,A-,3.79
S000340,2023FA,WD-2023FA-HIST-130D,HIST,130,3,Graded,A-,3.75
S000340,2023FA,WD-2023FA-COSI-187D,COSI,187,3,Graded,A-,3.83
S000340,2023FA,WD-2023FA-HSSP-164D,HSSP,164,3,Graded,A-,3.74
S000340,2023FA,WD-2023FA-ENVS-138B,ENVS,138,3,Graded,A,3.94
S000340,2023FA,WD-2023FA-ECON-112B,ECON,112,3,Graded,A,4.0
S000341,2023FA,WD-2023FA-HIST-157B,HIST,157,3,Graded,A-,3.56
S000341,2023FA,WD-2023FA-BUS-140A,BUS,140,3,Graded,A-,3.66
S000342,2023FA,WD-2023FA-PHIL-105A,PHIL,105,3,Graded,A-,3.53
S000342,2023FA,WD-2023FA-BIOL-140A,BIOL,140,3,Graded,A-,3.55
S000342,2023FA,WD-2023FA-AMST-153A,AMST,153,3,Graded,A-,3.56
S000342,2023FA,WD-2023FA-HSSP-168B,HSSP,168,3,Graded,A-,3.69
S000343,2023FA,WD-2023FA-AMST-158D,AMST,158,3,Graded,A,4.0
S000343,2023FA,WD-2023FA-NEUR-143A,NEUR,143,3,Graded,A,3.99
S000343,2023FA,WD-2023FA-PSYC-185C,PSYC,185,4,Graded,A,3.93
S000343,2023FA,WD-2023FA-BIOL-124C,BIOL,124,3,Graded,A,3.92
S000344,2023FA,WD-2023FA-PSYC-102C,PSYC,102,4,Graded,B+,3.31
S000344,2023FA,WD-2023FA-NEUR-114D,NEUR,114,3,Graded,B+,3.24
S000344,2023FA,WD-2023FA-HSSP-144D,HSSP,144,3,Graded,A-,3.59
S000345,2023FA,WD-2023FA-ANTH-139D,ANTH,139,3,Graded,A-,3.71
S000345,2023FA,WD-2023FA-ENVS-128A,ENVS,128,3,Graded,A-,3.61
S000345,2023FA,WD-2023FA-MATH-121D,MATH,121,4,Graded,A-,3.68
S000345,2023FA,WD-2023FA-ECON-138A,ECON,138,3,Graded,A-,3.51
S000345,2023FA,WD-2023FA-PHIL-113C,PHIL,113,3,Graded,A-,3.63
S000346,2023FA,WD-2023FA-ENG-195D,ENG,195,3,Graded,B,3.1
S000346,2023FA,WD-2023FA-ANTH-186D,ANTH,186,4,Graded,B+,3.22
S000346,2023FA,WD-2023FA-PSYC-189C,PSYC,189,3,Graded,B,3.07
S000346,2023FA,WD-2023FA-NEUR-144B,NEUR,144,3,Graded,B,3.18
S000346,2023FA,WD-2023FA-BUS-191B,BUS,191,3,Graded,B+,3.3
S000347,2023FA,WD-2023FA-POL-190B,POL,190,3,Graded,B,3.0
S000347,2023FA,WD-2023FA-BUS-199A,BUS,199,3,Graded,B,3.04
S000347,2023FA,WD-2023FA-PHIL-115A,PHIL,115,3,Graded,B+,3.2
S000347,2023FA,WD-2023FA-PHIL-186C,PHIL,186,3,Graded,B,3.09
S000347,2023FA,WD-2023FA-NEUR-127C,NEUR,127,3,Graded,B,3.14
S000349,2023FA,WD-2023FA-ANTH-169B,ANTH,169,4,Graded,B+,3.31
S000349,2023FA,WD-2023FA-PHIL-123B,PHIL,123,3,Graded,B,2.89
S000349,2023FA,WD-2023FA-AMST-121A,AMST,121,3,Graded,B+,3.43
S000349,2023FA,WD-2023FA-NEUR-190B,NEUR,190,3,Graded,B,2.98
S000349,2023FA,WD-2023FA-PSYC-145A,PSYC,145,4,Graded,B+,3.2
S000350,2023FA,WD-2023FA-BUS-197D,BUS,197,3,Graded,B-,2.62
S000350,2023FA,WD-2023FA-ECON-111C,ECON,111,3,Graded,B-,2.75
S000350,2023FA,WD-2023FA-PHIL-153B,PHIL,153,3,Graded,B-,2.64
S000351,2023FA,WD-2023FA-CHEM-114A,CHEM,114,3,Graded,A,4.0
S000351,2023FA,WD-2023FA-ENVS-192B,ENVS,192,3,Graded,A,4.0
S000351,2023FA,WD-2023FA-MATH-165A,MATH,165,4,Graded,A,4.0
S000351,2023FA,WD-2023FA-MATH-190D,MATH,190,4,Graded,A,4.0
S000351,2023FA,WD-2023FA-CHEM-168A,CHEM,168,3,Graded,A,4.0
S000352,2023FA,WD-2023FA-AMST-137B,AMST,137,3,Graded,B+,3.41
S000352,2023FA,WD-2023FA-ANTH-130B,ANTH,130,3,Graded,B+,3.24
S000352,2023FA,WD-2023FA-ECON-156B,ECON,156,3,Graded,B+,3.35
S000352,2023FA,WD-2023FA-MATH-187A,MATH,187,3,Graded,B+,3.32
S000353,2023FA,WD-2023FA-POL-165A,POL,165,3,Graded,F,0.75
S000353,2023FA,WD-2023FA-NEUR-107C,NEUR,107,3,Graded,F,0.52
S000353,2023FA,WD-2023FA-HIST-146C,HIST,146,3,Graded,F,0.82
S000353,2023FA,WD-2023FA-ECON-117B,ECON,117,3,Graded,F,0.74
S000353,2023FA,WD-2023FA-BUS-147A,BUS,147,3,Graded,F,0.5
S000355,2023FA,WD-2023FA-COSI-127D,COSI,127,3,Graded,B,3.1
S000355,2023FA,WD-2023FA-ANTH-168D,ANTH,168,3,Graded,B,2.99
S000355,2023FA,WD-2023FA-HIST-125A,HIST,125,4,Graded,B,3.06
S000355,2023FA,WD-2023FA-AMST-152A,AMST,152,3,Graded,B,3.12
S000355,2023FA,WD-2023FA-NEUR-128A,NEUR,128,3,Graded,B,2.97
S000356,2023FA,WD-2023FA-NEUR-140D,NEUR,140,3,Graded,C-,1.67
S000356,2023FA,WD-2023FA-ENG-158A,ENG,158,3,Graded,C-,1.66
S000356,2023FA,WD-2023FA-BUS-159C,BUS,159,3,Graded,C-,1.79
S000356,2023FA,WD-2023FA-ENVS-104D,ENVS,104,3,Graded,C-,1.72
S000356,2023FA,WD-2023FA-ANTH-153C,ANTH,153,3,Graded,C-,1.62
S000357,2023FA,WD-2023FA-COSI-199B,COSI,199,3,Graded,F,0.59
S000357,2023FA,WD-2023FA-MATH-164A,MATH,164,3,Graded,F,0.45
S000357,2023FA,WD-2023FA-HIST-140A,HIST,140,3,Graded,F,0.69
S000357,2023FA,WD-2023FA-ECON-199B,ECON,199,3,Graded,F,0.61
S000357,2023FA,WD-2023FA-PHIL-138A,PHIL,138,3,Graded,F,0.64
S000360,2023FA,WD-2023FA-AMST-198A,AMST,198,3,Graded,A-,3.63
S000360,2023FA,WD-2023FA-ANTH-137C,ANTH,137,3,Graded,A,3.87
S000360,2023FA,WD-2023FA-PHIL-147C,PHIL,147,3,Graded,A,3.91
S000360,2023FA,WD-2023FA-ECON-154C,ECON,154,3,Graded,A-,3.82
S000360,2023FA,WD-2023FA-BIOL-144B,BIOL,144,3,Graded,A,3.91
S000360,2023FA,WD-2023FA-POL-139A,POL,139,3,Graded,A,3.97
S000362,2023FA,WD-2023FA-BIOL-188A,BIOL,188,3,Graded,B,3.17
S000362,2023FA,WD-2023FA-AMST-108B,AMST,108,3,Graded,B,3.15
S000363,2023FA,WD-2023FA-ENG-159D,ENG,159,3,Graded,A-,3.71
S000363,2023FA,WD-2023FA-PSYC-161B,PSYC,161,3,Graded,A-,3.68
S000363,2023FA,WD-2023FA-ANTH-178A,ANTH,178,3,Graded,A-,3.78
S000363,2023FA,WD-2023FA-AMST-127D,AMST,127,3,Graded,A-,3.72
S000363,2023FA,WD-2023FA-HSSP-106A,HSSP,106,3,Graded,A-,3.61
S000365,2023FA,WD-2023FA-AMST-172A,AMST,172,3,Graded,C,1.9
S000365,2023FA,WD-2023FA-POL-184C,POL,184,4,Graded,C-,1.7
S000365,2023FA,WD-2023FA-CHEM-175C,CHEM,175,3,Graded,C,1.86
S000366,2023FA,WD-2023FA-ANTH-166A,ANTH,166,3,Graded,A,4.0
S000366,2023FA,WD-2023FA-NEUR-142A,NEUR,142,4,Graded,A,4.0
S000366,2023FA,WD-2023FA-ENVS-168D,ENVS,168,3,Graded,A,4.0
S000366,2023FA,WD-2023FA-HIST-139B,HIST,139,3,Graded,A,3.86
S000366,2023FA,WD-2023FA-HIST-137D,HIST,137,3,Graded,A,3.98
S000367,2023FA,WD-2023FA-AMST-174B,AMST,174,3,Graded,A,3.88
S000367,2023FA,WD-2023FA-PHIL-158C,PHIL,158,3,Graded,A,3.89
S000367,2023FA,WD-2023FA-MATH-109B,MATH,109,3,Graded,A,4.0
S000367,2023FA,WD-2023FA-CHEM-159C,CHEM,159,3,Graded,A,4.0
S000367,2023FA,WD-2023FA-BUS-109D,BUS,109,3,Graded,A,4.0
S000367,2023FA,WD-2023FA-POL-143A,POL,143,3,Graded,A,4.0
S000368,2023FA,WD-2023FA-ECON-172B,ECON,172,3,Graded,C-,1.67
S000368,2023FA,WD-2023FA-AMST-123A,AMST,123,4,Graded,C-,1.72
S000368,2023FA,WD-2023FA-HSSP-144A,HSSP,144,3,Graded,C-,1.6
S000368,2023FA,WD-2023FA-ENG-172A,ENG,172,3,Graded,C-,1.79
S000369,2023FA,WD-2023FA-BIOL-125B,BIOL,125,3,Graded,B,3.05
S000369,2023FA,WD-2023FA-CHEM-107C,CHEM,107,3,Graded,B,3.08
S000369,2023FA,WD-2023FA-BUS-127A,BUS,127,3,Graded,B,3.1
S000369,2023FA,WD-2023FA-PSYC-100C,PSYC,100,3,Graded,B+,3.28
S000369,2023FA,WD-2023FA-PSYC-159C,PSYC,159,3,Graded,B,3.17
S000369,2023FA,WD-2023FA-HSSP-108D,HSSP,108,3,Graded,B,3.15
S000371,2023FA,WD-2023FA-HIST-108C,HIST,108,4,Graded,F,0.91
S000371,2023FA,WD-2023FA-HSSP-159D,HSSP,159,3,Graded,D,1.0
S000371,2023FA,WD-2023FA-PSYC-135D,PSYC,135,3,Graded,F,0.77
S000371,2023FA,WD-2023FA-CHEM-194C,CHEM,194,3,Graded,D,1.17
S000372,2023FA,WD-2023FA-HIST-197A,HIST,197,3,Graded,A,4.0
S000372,2023FA,WD-2023FA-COSI-185A,COSI,185,3,Graded,A,4.0
S000372,2023FA,WD-2023FA-HSSP-173C,HSSP,173,3,Graded,A,4.0
S000372,2023FA,WD-2023FA-ECON-139D,ECON,139,3,Graded,A,3.99
S000373,2023FA,WD-2023FA-AMST-120B,AMST,120,4,Graded,B+,3.41
S000373,2023FA,WD-2023FA-BUS-110B,BUS,110,3,Graded,A-,3.51
S000373,2023FA,WD-2023FA-PHIL-175A,PHIL,175,3,Graded,B+,3.35
S000373,2023FA,WD-2023FA-ECON-128B,ECON,128,3,Graded,B+,3.35
S000373,2023FA,WD-2023FA-AMST-153B,AMST,153,4,Graded,B+,3.34
S000374,2023FA,WD-2023FA-ENVS-158D,ENVS,158,3,Graded,F,0.0
S000376,2023FA,WD-2023FA-BIOL-162A,BIOL,162,3,Graded,B+,3.35
S000376,2023FA,WD-2023FA-PSYC-158A,PSYC,158,3,Graded,A-,3.5
S000376,2023FA,WD-2023FA-MATH-134A,MATH,134,3,Graded,A-,3.64
S000376,2023FA,WD-2023FA-ANTH-150A,ANTH,150,3,Graded,A-,3.55
S000376,2023FA,WD-2023FA-HIST-141B,HIST,141,3,Graded,A-,3.6
S000376,2023FA,WD-2023FA-PSYC-195A,PSYC,195,3,Graded,B+,3.44
S000377,2023FA,WD-2023FA-BUS-187B,BUS,187,3,Graded,A,3.87
S000377,2023FA,WD-2023FA-PHIL-125B,PHIL,125,3,Graded,A,3.99
S000377,2023FA,WD-2023FA-COSI-193B,COSI,193,4,Graded,A,4.0
S000377,2023FA,WD-2023FA-ENG-133A,ENG,133,4,Graded,A,3.98
S000378,2023FA,WD-2023FA-NEUR-173A,NEUR,173,3,Graded,A-,3.8
S000378,2023FA,WD-2023FA-COSI-187C,COSI,187,4,Graded,A-,3.73
S000378,2023FA,WD-2023FA-HSSP-129A,HSSP,129,3,Graded,A-,3.64
S000378,2023FA,WD-2023FA-HSSP-182A,HSSP,182,3,Graded,A-,3.75
S000378,2023FA,WD-2023FA-BIOL-119C,BIOL,119,3,Graded,A-,3.52
S000379,2023FA,WD-2023FA-AMST-139B,AMST,139,3,Graded,A,3.85
S000379,2023FA,WD-2023FA-ENVS-199B,ENVS,199,4,Graded,A,3.92
S000379,2023FA,WD-2023FA-PHIL-128C,PHIL,128,3,Graded,A-,3.81
S000381,2023FA,WD-2023FA-NEUR-190C,NEUR,190,4,Graded,B+,3.47
S000381,2023FA,WD-2023FA-ENG-192A,ENG,192,4,Graded,B+,3.25
S000381,2023FA,WD-2023FA-BIOL-146B,BIOL,146,3,Graded,A-,3.56
S000382,2023FA,WD-2023FA-ANTH-101C,ANTH,101,3,Graded,A,3.9
S000382,2023FA,WD-2023FA-CHEM-166D,CHEM,166,3,Graded,A,4.0
S000382,2023FA,WD-2023FA-MATH-140C,MATH,140,3,Graded,A-,3.78
S000382,2023FA,WD-2023FA-COSI-110A,COSI,110,3,Graded,A,4.0
S000382,2023FA,WD-2023FA-MATH-156B,MATH,156,3,Graded,A,3.96
S000383,2023FA,WD-2023FA-ENVS-146A,ENVS,146,4,Graded,C+,2.23
S000383,2023FA,WD-2023FA-HSSP-167D,HSSP,167,3,Graded,C,2.0
S000383,2023FA,WD-2023FA-CHEM-181C,CHEM,181,3,Graded,C+,2.19
S000383,2023FA,WD-2023FA-ENG-159D,ENG,159,4,Graded,C+,2.25
S000385,2023FA,WD-2023FA-ENVS-148A,ENVS,148,4,Graded,B+,3.39
S000385,2023FA,WD-2023FA-AMST-195C,AMST,195,3,Graded,B,3.02
S000385,2023FA,WD-2023FA-HSSP-166B,HSSP,166,3,Graded,B+,3.33
S000386,2023FA,WD-2023FA-ENVS-185C,ENVS,185,3,Graded,B+,3.31
S000386,2023FA,WD-2023FA-COSI-198C,COSI,198,3,Graded,B+,3.4
S000386,2023FA,WD-2023FA-ENVS-190B,ENVS,190,3,Graded,B+,3.35
S000386,2023FA,WD-2023FA-NEUR-178C,NEUR,178,4,Graded,B+,3.28
S000387,2023FA,WD-2023FA-BIOL-101C,BIOL,101,3,Graded,F,0.68
S000387,2023FA,WD-2023FA-AMST-130D,AMST,130,3,Graded,F,0.71
S000387,2023FA,WD-2023FA-ECON-178B,ECON,178,3,Graded,F,0.62
S000387,2023FA,WD-2023FA-PSYC-194C,PSYC,194,3,Graded,F,0.88
S000392,2023FA,WD-2023FA-PHIL-188C,PHIL,188,3,Graded,A,4.0
S000392,2023FA,WD-2023FA-BIOL-165A,BIOL,165,3,Graded,A,4.0
S000392,2023FA,WD-2023FA-ENG-160B,ENG,160,3,Graded,A,3.88
S000392,2023FA,WD-2023FA-NEUR-175D,NEUR,175,4,Graded,A,3.97
S000392,2023FA,WD-2023FA-HSSP-180B,HSSP,180,3,Graded,A,4.0
S000393,2023FA,WD-2023FA-HSSP-159C,HSSP,159,3,Graded,A-,3.55
S000393,2023FA,WD-2023FA-CHEM-153C,CHEM,153,3,Graded,A-,3.72
S000393,2023FA,WD-2023FA-COSI-121D,COSI,121,3,Graded,B+,3.32
S000393,2023FA,WD-2023FA-CHEM-158C,CHEM,158,3,Graded,B+,3.46
S000395,2023FA,WD-2023FA-NEUR-178D,NEUR,178,3,Graded,B-,2.83
S000395,2023FA,WD-2023FA-HIST-196A,HIST,196,3,Graded,B-,2.79
S000395,2023FA,WD-2023FA-HSSP-129C,HSSP,129,3,Graded,B-,2.79
S000395,2023FA,WD-2023FA-CHEM-157A,CHEM,157,3,Graded,B,2.86
S000396,2023FA,WD-2023FA-BUS-141A,BUS,141,3,Graded,B,3.03
S000396,2023FA,WD-2023FA-MATH-103D,MATH,103,3,Graded,B,3.19
S000396,2023FA,WD-2023FA-HIST-196B,HIST,196,3,Graded,B,3.05
S000396,2023FA,WD-2023FA-BUS-131B,BUS,131,3,Graded,B-,2.79
S000397,2023FA,WD-2023FA-CHEM-164B,CHEM,164,3,Graded,B+,3.28
S000397,2023FA,WD-2023FA-ENG-172C,ENG,172,4,Graded,B+,3.21
S000397,2023FA,WD-2023FA-ANTH-145A,ANTH,145,4,Graded,B,2.97
S000399,2023FA,WD-2023FA-HIST-129B,HIST,129,3,Graded,A-,3.59
S000399,2023FA,WD-2023FA-PSYC-153B,PSYC,153,4,Graded,A-,3.64
S000399,2023FA,WD-2023FA-HSSP-114C,HSSP,114,3,Graded,A-,3.52
S000399,2023FA,WD-2023FA-ENG-158B,ENG,158,3,Graded,A,3.86
S000399,2023FA,WD-2023FA-COSI-149A,COSI,149,3,Graded,A-,3.63
S000400,2023FA,WD-2023FA-POL-164B,POL,164,3,Graded,A,4.0
S000400,2023FA,WD-2023FA-ECON-101C,ECON,101,3,Graded,A-,3.83
S000400,2023FA,WD-2023FA-NEUR-137B,NEUR,137,3,Graded,A-,3.82
S000400,2023FA,WD-2023FA-PHIL-152B,PHIL,152,3,Graded,A-,3.7
S000401,2023FA,WD-2023FA-POL-152A,POL,152,3,Graded,A-,3.5
S000401,2023FA,WD-2023FA-BIOL-132D,BIOL,132,3,Graded,A-,3.64
S000401,2023FA,WD-2023FA-NEUR-164A,NEUR,164,4,Graded,A-,3.62
S000401,2023FA,WD-2023FA-BUS-108D,BUS,108,3,Graded,B+,3.46
S000402,2023FA,WD-2023FA-ANTH-170C,ANTH,170,3,Graded,A-,3.7
S000403,2023FA,WD-2023FA-NEUR-102A,NEUR,102,3,Graded,A-,3.54
S000403,2023FA,WD-2023FA-PHIL-101D,PHIL,101,3,Graded,A-,3.61
S000403,2023FA,WD-2023FA-POL-105C,POL,105,3,Graded,A-,3.64
S000403,2023FA,WD-2023FA-PHIL-155B,PHIL,155,3,Graded,A-,3.57
S000403,2023FA,WD-2023FA-BIOL-181A,BIOL,181,3,Graded,A-,3.73
S000403,2023FA,WD-2023FA-PSYC-198B,PSYC,198,3,Graded,A-,3.61
S000404,2023FA,WD-2023FA-ECON-125A,ECON,125,3,Graded,B+,3.41
S000404,2023FA,WD-2023FA-MATH-144C,MATH,144,3,Graded,B+,3.22
S000404,2023FA,WD-2023FA-PSYC-177C,PSYC,177,3,Graded,B+,3.43
S000404,2023FA,WD-2023FA-HSSP-110D,HSSP,110,3,Graded,A-,3.54
S000404,2023FA,WD-2023FA-ANTH-123A,ANTH,123,4,Graded,B+,3.29
S000405,2023FA,WD-2023FA-PSYC-144A,PSYC,144,3,Graded,B+,3.36
S000405,2023FA,WD-2023FA-POL-162C,POL,162,3,Graded,B+,3.32
S000405,2023FA,WD-2023FA-BUS-101D,BUS,101,4,Graded,B+,3.44
S000405,2023FA,WD-2023FA-AMST-162C,AMST,162,3,Graded,B+,3.45
S000407,2023FA,WD-2023FA-ECON-149B,ECON,149,4,Graded,B,3.09
S000407,2023FA,WD-2023FA-COSI-108D,COSI,108,3,Graded,B,3.0
S000407,2023FA,WD-2023FA-ENG-121B,ENG,121,3,Graded,B,3.04
S000407,2023FA,WD-2023FA-AMST-118B,AMST,118,3,Graded,B,2.93
S000407,2023FA,WD-2023FA-POL-103D,POL,103,3,Graded,B,2.99
S000408,2023FA,WD-2023FA-COSI-162D,COSI,162,3,Graded,B+,3.24
S000408,2023FA,WD-2023FA-PHIL-147B,PHIL,147,3,Graded,B+,3.35
S000408,2023FA,WD-2023FA-NEUR-106B,NEUR,106,3,Graded,B+,3.21
S000408,2023FA,WD-2023FA-BIOL-149D,BIOL,149,4,Graded,B,3.1
S000408,2023FA,WD-2023FA-BUS-113D,BUS,113,3,Graded,B+,3.4
S000409,2023FA,WD-2023FA-NEUR-197D,NEUR,197,3,Graded,B,3.02
S000409,2023FA,WD-2023FA-AMST-189A,AMST,189,3,Graded,B,3.19
S000409,2023FA,WD-2023FA-PHIL-157D,PHIL,157,3,Graded,B+,3.22
S000409,2023FA,WD-2023FA-AMST-125D,AMST,125,3,Graded,B+,3.36
S000411,2023FA,WD-2023FA-COSI-142B,COSI,142,3,Graded,B-,2.63
S000411,2023FA,WD-2023FA-CHEM-152C,CHEM,152,3,Graded,B-,2.6
S000411,2023FA,WD-2023FA-CHEM-168B,CHEM,168,3,Graded,B-,2.58
S000411,2023FA,WD-2023FA-PSYC-161D,PSYC,161,4,Graded,B-,2.58
S000412,2023FA,WD-2023FA-ENG-154B,ENG,154,3,Graded,B-,2.76
S000412,2023FA,WD-2023FA-CHEM-194B,CHEM,194,3,Graded,B-,2.78
S000412,2023FA,WD-2023FA-COSI-167C,COSI,167,3,Graded,B,2.85
S000412,2023FA,WD-2023FA-HIST-198B,HIST,198,3,Graded,B,2.9
S000413,2023FA,WD-2023FA-HSSP-181B,HSSP,181,3,Graded,C+,2.44
S000413,2023FA,WD-2023FA-HSSP-196C,HSSP,196,3,Graded,B-,2.6
S000413,2023FA,WD-2023FA-NEUR-139B,NEUR,139,3,Graded,B-,2.66
S000415,2023FA,WD-2023FA-AMST-180D,AMST,180,3,Graded,B-,2.8
S000415,2023FA,WD-2023FA-AMST-199B,AMST,199,3,Graded,B,3.0
S000415,2023FA,WD-2023FA-ENG-187D,ENG,187,3,Graded,B,3.04
S000415,2023FA,WD-2023FA-HIST-153B,HIST,153,3,Graded,B-,2.68
S000416,2023FA,WD-2023FA-ENVS-194C,ENVS,194,3,Graded,A-,3.62
S000416,2023FA,WD-2023FA-BUS-174B,BUS,174,3,Graded,B+,3.35
S000417,2023FA,WD-2023FA-PSYC-168C,PSYC,168,3,Graded,A,3.9
S000417,2023FA,WD-2023FA-ENG-173D,ENG,173,3,Graded,A,4.0
S000417,2023FA,WD-2023FA-HSSP-180D,HSSP,180,3,Graded,A,3.93
S000417,2023FA,WD-2023FA-ANTH-190C,ANTH,190,4,Graded,A,4.0
S000418,2023FA,WD-2023FA-BUS-108B,BUS,108,3,Graded,F,0.82
S000418,2023FA,WD-2023FA-PHIL-146C,PHIL,146,4,Graded,F,0.87
S000418,2023FA,WD-2023FA-HSSP-127B,HSSP,127,3,Graded,F,0.8
S000418,2023FA,WD-2023FA-ENVS-106C,ENVS,106,3,Graded,D,1.0
S000420,2023FA,WD-2023FA-COSI-138D,COSI,138,3,Graded,C,2.08
S000420,2023FA,WD-2023FA-ENG-149B,ENG,149,3,Graded,C,2.13
S000420,2023FA,WD-2023FA-PSYC-106C,PSYC,106,4,Graded,C+,2.25
S000420,2023FA,WD-2023FA-NEUR-141C,NEUR,141,3,Graded,C+,2.27
S000420,2023FA,WD-2023FA-ENG-178D,ENG,178,3,Graded,C+,2.25
S000421,2023FA,WD-2023FA-BIOL-176C,BIOL,176,3,Graded,C+,2.35
S000421,2023FA,WD-2023FA-CHEM-108C,CHEM,108,4,Graded,C+,2.33
S000421,2023FA,WD-2023FA-ENVS-154D,ENVS,154,4,Graded,C+,2.36
S000422,2023FA,WD-2023FA-PSYC-182B,PSYC,182,3,Graded,A-,3.57
S000422,2023FA,WD-2023FA-BIOL-197C,BIOL,197,3,Graded,B,3.1
S000422,2023FA,WD-2023FA-AMST-127A,AMST,127,3,Graded,B+,3.22
S000422,2023FA,WD-2023FA-COSI-160C,COSI,160,3,Graded,B+,3.27
S000422,2023FA,WD-2023FA-NEUR-146A,NEUR,146,3,Graded,B+,3.38
S000423,2023FA,WD-2023FA-COSI-143B,COSI,143,4,Graded,B,3.03
S000423,2023FA,WD-2023FA-BIOL-125C,BIOL,125,3,Graded,B,2.97
S000423,2023FA,WD-2023FA-COSI-127C,COSI,127,4,Graded,B,2.86
S000426,2023FA,WD-2023FA-BIOL-195D,BIOL,195,3,Graded,B,3.02
S000426,2023FA,WD-2023FA-HIST-156C,HIST,156,3,Graded,B,2.85
S000426,2023FA,WD-2023FA-COSI-168B,COSI,168,3,Graded,B-,2.67
S000426,2023FA,WD-2023FA-ENG-177B,ENG,177,4,Graded,B,2.98
S000428,2023FA,WD-2023FA-ANTH-174B,ANTH,174,4,Graded,B,3.09
S000428,2023FA,WD-2023FA-PHIL-170B,PHIL,170,3,Graded,B,2.99
S000428,2023FA,WD-2023FA-PHIL-143C,PHIL,143,3,Graded,B-,2.83
S000428,2023FA,WD-2023FA-ENVS-163B,ENVS,163,4,Graded,B-,2.79
S000429,2023FA,WD-2023FA-ECON-122A,ECON,122,4,Graded,A,3.95
S000429,2023FA,WD-2023FA-COSI-115C,COSI,115,3,Graded,A,3.89
S000431,2023FA,WD-2023FA-PSYC-176C,PSYC,176,3,Graded,A,3.93
S000431,2023FA,WD-2023FA-POL-130B,POL,130,4,Graded,A,3.95
S000431,2023FA,WD-2023FA-HIST-149B,HIST,149,3,Graded,A,4.0
S000431,2023FA,WD-2023FA-COSI-119D,COSI,119,3,Graded,A,3.92
S000432,2023FA,WD-2023FA-POL-191B,POL,191,3,Graded,A,4.0
S000432,2023FA,WD-2023FA-BIOL-121A,BIOL,121,4,Graded,A,4.0
S000432,2023FA,WD-2023FA-ENVS-103C,ENVS,103,4,Graded,A,3.93
S000433,2023FA,WD-2023FA-COSI-125B,COSI,125,3,Graded,B,2.96
S000433,2023FA,WD-2023FA-HSSP-108B,HSSP,108,4,Graded,B+,3.42
S000433,2023FA,WD-2023FA-ECON-133C,ECON,133,3,Graded,B,3.06
S000433,2023FA,WD-2023FA-PSYC-196B,PSYC,196,3,Graded,B,3.17
S000434,2023FA,WD-2023FA-PSYC-140C,PSYC,140,3,Graded,A-,3.59
S000434,2023FA,WD-2023FA-MATH-155B,MATH,155,4,Graded,B+,3.45
S000434,2023FA,WD-2023FA-AMST-103B,AMST,103,3,Graded,B+,3.37
S000434,2023FA,WD-2023FA-MATH-176B,MATH,176,3,Graded,A-,3.52
S000434,2023FA,WD-2023FA-BIOL-199D,BIOL,199,3,Graded,B+,3.49
S000436,2023FA,WD-2023FA-ECON-171C,ECON,171,3,Graded,C+,2.36
S000436,2023FA,WD-2023FA-ECON-114A,ECON,114,3,Graded,B-,2.5
S000436,2023FA,WD-2023FA-ENG-143B,ENG,143,4,Graded,C+,2.3
S000436,2023FA,WD-2023FA-HIST-158C,HIST,158,3,Graded,B-,2.67
S000436,2023FA,WD-2023FA-NEUR-100C,NEUR,100,3,Graded,B-,2.62
S000437,2023FA,WD-2023FA-COSI-118A,COSI,118,3,Graded,B-,2.72
S000437,2023FA,WD-2023FA-PSYC-103A,PSYC,103,4,Graded,B-,2.65
S000437,2023FA,WD-2023FA-BUS-193C,BUS,193,4,Graded,B-,2.79
S000437,2023FA,WD-2023FA-COSI-172C,COSI,172,3,Graded,B-,2.78
S000437,2023FA,WD-2023FA-CHEM-119C,CHEM,119,3,Graded,B,2.96
S000438,2023FA,WD-2023FA-BIOL-167D,BIOL,167,3,Graded,A-,3.56
S000439,2023FA,WD-2023FA-PSYC-162B,PSYC,162,4,Graded,A-,3.72
S000439,2023FA,WD-2023FA-MATH-107A,MATH,107,3,Graded,A,3.88
S000439,2023FA,WD-2023FA-NEUR-142D,NEUR,142,3,Graded,A-,3.79
S000439,2023FA,WD-2023FA-AMST-126B,AMST,126,4,Graded,A-,3.56
S000441,2023FA,WD-2023FA-MATH-184A,MATH,184,3,Graded,B+,3.2
S000441,2023FA,WD-2023FA-CHEM-162A,CHEM,162,3,Graded,B,3.03
S000441,2023FA,WD-2023FA-POL-138B,POL,138,3,Graded,B,3.12
S000441,2023FA,WD-2023FA-CHEM-178D,CHEM,178,4,Graded,B,3.19
S000444,2023FA,WD-2023FA-BIOL-193D,BIOL,193,3,Graded,F,0.62
S000444,2023FA,WD-2023FA-HIST-183B,HIST,183,3,Graded,F,0.56
S000444,2023FA,WD-2023FA-ECON-170C,ECON,170,3,Graded,F,0.58
S000444,2023FA,WD-2023FA-PHIL-162C,PHIL,162,3,Graded,F,0.41
S000445,2023FA,WD-2023FA-CHEM-159B,CHEM,159,4,Graded,D,1.02
S000445,2023FA,WD-2023FA-AMST-199A,AMST,199,3,Graded,D,1.17
S000445,2023FA,WD-2023FA-COSI-163D,COSI,163,3,Graded,D,1.3
S000445,2023FA,WD-2023FA-CHEM-178B,CHEM,178,3,Graded,D,1.29
S000445,2023FA,WD-2023FA-AMST-114A,AMST,114,3,Graded,D,1.24
S000446,2023FA,WD-2023FA-AMST-190B,AMST,190,3,Graded,B,2.94
S000446,2023FA,WD-2023FA-BIOL-180A,BIOL,180,3,Graded,B,2.89
S000446,2023FA,WD-2023FA-COSI-189D,COSI,189,3,Graded,B,3.06
S000446,2023FA,WD-2023FA-NEUR-125D,NEUR,125,3,Graded,B,2.9
S000446,2023FA,WD-2023FA-ECON-164C,ECON,164,3,Graded,B,3.0
S000447,2023FA,WD-2023FA-ANTH-148B,ANTH,148,3,Graded,A,3.93
S000447,2023FA,WD-2023FA-ANTH-173A,ANTH,173,4,Graded,A-,3.84
S000447,2023FA,WD-2023FA-HSSP-131A,HSSP,131,3,Graded,A-,3.79
S000447,2023FA,WD-2023FA-CHEM-171A,CHEM,171,3,Graded,A,4.0
S000450,2023FA,WD-2023FA-NEUR-182B,NEUR,182,3,Graded,B+,3.2
S000450,2023FA,WD-2023FA-CHEM-101C,CHEM,101,3,Graded,B+,3.49
S000450,2023FA,WD-2023FA-ENVS-176C,ENVS,176,3,Graded,B+,3.36
S000450,2023FA,WD-2023FA-BUS-144A,BUS,144,3,Graded,A-,3.51
S000451,2023FA,WD-2023FA-HSSP-149C,HSSP,149,3,Graded,D,1.0
S000451,2023FA,WD-2023FA-BUS-101D,BUS,101,4,Graded,D,1.07
S000451,2023FA,WD-2023FA-PSYC-149A,PSYC,149,3,Graded,F,0.99
S000451,2023FA,WD-2023FA-AMST-141A,AMST,141,3,Graded,D,1.12
S000452,2023FA,WD-2023FA-PSYC-144C,PSYC,144,3,Graded,B+,3.36
S000452,2023FA,WD-2023FA-HIST-143A,HIST,143,3,Graded,B+,3.21
S000452,2023FA,WD-2023FA-PHIL-184B,PHIL,184,3,Graded,B,3.11
S000452,2023FA,WD-2023FA-HSSP-166C,HSSP,166,3,Graded,B+,3.2
S000453,2023FA,WD-2023FA-ANTH-123C,ANTH,123,3,Graded,B,3.15
S000453,2023FA,WD-2023FA-AMST-156C,AMST,156,3,Graded,B,3.13
S000453,2023FA,WD-2023FA-POL-141A,POL,141,3,Graded,B,3.17
S000454,2023FA,WD-2023FA-ENVS-185A,ENVS,185,3,Graded,A-,3.65
S000454,2023FA,WD-2023FA-AMST-170C,AMST,170,3,Graded,B+,3.37
S000454,2023FA,WD-2023FA-NEUR-158C,NEUR,158,3,Graded,B+,3.38
S000454,2023FA,WD-2023FA-ENG-173B,ENG,173,4,Graded,B+,3.49
S000454,2023FA,WD-2023FA-CHEM-152A,CHEM,152,3,Graded,B,3.06
S000456,2023FA,WD-2023FA-ECON-179B,ECON,179,3,Graded,A,3.97
S000456,2023FA,WD-2023FA-ENG-193A,ENG,193,3,Graded,A,3.97
S000456,2023FA,WD-2023FA-COSI-162C,COSI,162,3,Graded,A,3.92
S000456,2023FA,WD-2023FA-POL-129B,POL,129,3,Graded,A-,3.78
S000456,2023FA,WD-2023FA-CHEM-185A,CHEM,185,3,Graded,A,3.95
S000457,2023FA,WD-2023FA-ECON-132D,ECON,132,3,Graded,C+,2.39
S000457,2023FA,WD-2023FA-COSI-190C,COSI,190,3,Graded,C+,2.46
S000457,2023FA,WD-2023FA-ECON-160D,ECON,160,3,Graded,C+,2.38
S000457,2023FA,WD-2023FA-HIST-173D,HIST,173,3,Graded,C+,2.28
S000458,2023FA,WD-2023FA-COSI-184C,COSI,184,4,Graded,C-,1.67
S000458,2023FA,WD-2023FA-NEUR-141B,NEUR,141,3,Graded,C-,1.83
S000460,2023FA,WD-2023FA-ENVS-169B,ENVS,169,3,Graded,F,0.0
S000460,2023FA,WD-2023FA-POL-198B,POL,198,3,Graded,F,0.15
S000461,2023FA,WD-2023FA-ANTH-120B,ANTH,120,3,Graded,B+,3.48
S000461,2023FA,WD-2023FA-CHEM-174D,CHEM,174,4,Graded,A-,3.6
S000461,2023FA,WD-2023FA-ANTH-111B,ANTH,111,3,Graded,B+,3.42
S000461,2023FA,WD-2023FA-ENG-125C,ENG,125,4,Graded,B+,3.33
S000462,2023FA,WD-2023FA-NEUR-131D,NEUR,131,3,Graded,A,4.0
S000462,2023FA,WD-2023FA-MATH-180D,MATH,180,3,Graded,A,4.0
S000462,2023FA,WD-2023FA-AMST-199D,AMST,199,3,Graded,A,4.0
S000462,2023FA,WD-2023FA-ENG-177B,ENG,177,3,Graded,A,4.0
S000462,2023FA,WD-2023FA-BIOL-130C,BIOL,130,4,Graded,A,4.0
S000463,2023FA,WD-2023FA-PSYC-104A,PSYC,104,3,Graded,B+,3.36
S000463,2023FA,WD-2023FA-ECON-134A,ECON,134,4,Graded,B+,3.22
S000463,2023FA,WD-2023FA-PHIL-105B,PHIL,105,3,Graded,B+,3.22
S000464,2023FA,WD-2023FA-AMST-113C,AMST,113,3,Graded,B,3.1
S000464,2023FA,WD-2023FA-ENVS-159C,ENVS,159,3,Graded,B,3.01
S000464,2023FA,WD-2023FA-HIST-173A,HIST,173,3,Graded,B,3.08
S000464,2023FA,WD-2023FA-HSSP-180A,HSSP,180,3,Graded,B+,3.23
S000465,2023FA,WD-2023FA-NEUR-126B,NEUR,126,3,Graded,A-,3.57
S000465,2023FA,WD-2023FA-ECON-131B,ECON,131,3,Graded,A-,3.74
S000465,2023FA,WD-2023FA-BIOL-107C,BIOL,107,3,Graded,A-,3.68
S000465,2023FA,WD-2023FA-BIOL-134D,BIOL,134,4,Graded,A-,3.84
S000465,2023FA,WD-2023FA-MATH-113C,MATH,113,3,Graded,A-,3.5
S000468,2023FA,WD-2023FA-BUS-123D,BUS,123,3,Graded,F,0.88
S000468,2023FA,WD-2023FA-HIST-133B,HIST,133,4,Graded,F,0.95
S000468,2023FA,WD-2023FA-ECON-110B,ECON,110,3,Graded,F,0.67
S000468,2023FA,WD-2023FA-COSI-138B,COSI,138,3,Graded,F,0.85
S000470,2023FA,WD-2023FA-PSYC-137D,PSYC,137,3,Graded,B+,3.2
S000470,2023FA,WD-2023FA-HSSP-146A,HSSP,146,3,Graded,B+,3.37
S000470,2023FA,WD-2023FA-NEUR-152D,NEUR,152,3,Graded,B+,3.38
S000470,2023FA,WD-2023FA-PHIL-178A,PHIL,178,3,Graded,B+,3.49
S000470,2023FA,WD-2023FA-HSSP-180D,HSSP,180,4,Graded,B+,3.28
S000471,2023FA,WD-2023FA-BUS-191A,BUS,191,3,Graded,B+,3.45
S000471,2023FA,WD-2023FA-ENVS-180A,ENVS,180,4,Graded,B+,3.48
S000471,2023FA,WD-2023FA-PHIL-153B,PHIL,153,3,Graded,B+,3.49
S000472,2023FA,WD-2023FA-ANTH-133B,ANTH,133,3,Graded,B,2.91
S000472,2023FA,WD-2023FA-HIST-137C,HIST,137,3,Graded,B-,2.66
S000472,2023FA,WD-2023FA-HSSP-178A,HSSP,178,3,Graded,B-,2.62
S000472,2023FA,WD-2023FA-HIST-100C,HIST,100,3,Graded,B,2.85
S000472,2023FA,WD-2023FA-BIOL-135A,BIOL,135,3,Graded,B,2.9
S000473,2023FA,WD-2023FA-ANTH-105A,ANTH,105,3,Graded,B+,3.21
S000473,2023FA,WD-2023FA-CHEM-175B,CHEM,175,4,Graded,B,3.14
S000473,2023FA,WD-2023FA-CHEM-182A,CHEM,182,3,Graded,B+,3.23
S000473,2023FA,WD-2023FA-ENG-110C,ENG,110,3,Graded,B+,3.27
S000473,2023FA,WD-2023FA-AMST-159B,AMST,159,3,Graded,B+,3.27
S000474,2023FA,WD-2023FA-ENG-157D,ENG,157,4,Graded,A,4.0
S000474,2023FA,WD-2023FA-CHEM-102D,CHEM,102,3,Graded,A,4.0
S000474,2023FA,WD-2023FA-HSSP-123B,HSSP,123,3,Graded,A,4.0
S000474,2023FA,WD-2023FA-ENG-177C,ENG,177,3,Graded,A,3.96
S000475,2023FA,WD-2023FA-PHIL-152D,PHIL,152,3,Graded,B+,3.43
S000475,2023FA,WD-2023FA-BIOL-187B,BIOL,187,3,Graded,B+,3.49
S000475,2023FA,WD-2023FA-PSYC-157B,PSYC,157,3,Graded,B+,3.39
S000477,2023FA,WD-2023FA-ECON-173D,ECON,173,4,Graded,B,3.12
S000477,2023FA,WD-2023FA-CHEM-183D,CHEM,183,3,Graded,B+,3.3
S000477,2023FA,WD-2023FA-HIST-139C,HIST,139,3,Graded,B,3.17
S000477,2023FA,WD-2023FA-PSYC-179A,PSYC,179,4,Graded,B,3.01
S000478,2023FA,WD-2023FA-NEUR-107B,NEUR,107,3,Graded,D,1.21
S000478,2023FA,WD-2023FA-BIOL-179A,BIOL,179,3,Graded,D,1.42
S000478,2023FA,WD-2023FA-ENVS-116D,ENVS,116,3,Graded,F,0.94
S000478,2023FA,WD-2023FA-PSYC-145D,PSYC,145,3,Graded,D,1.24
S000482,2023FA,WD-2023FA-PHIL-130D,PHIL,130,3,Graded,A-,3.81
S000482,2023FA,WD-2023FA-BIOL-135B,BIOL,135,3,Graded,A-,3.57
S000482,2023FA,WD-2023FA-BUS-114D,BUS,114,3,Graded,A-,3.58
S000482,2023FA,WD-2023FA-PSYC-170B,PSYC,170,3,Graded,B+,3.48
S000482,2023FA,WD-2023FA-POL-105C,POL,105,3,Graded,A-,3.52
S000483,2023FA,WD-2023FA-COSI-199D,COSI,199,3,Graded,A-,3.79
S000483,2023FA,WD-2023FA-ANTH-193B,ANTH,193,3,Graded,A-,3.77
S000483,2023FA,WD-2023FA-AMST-169A,AMST,169,3,Graded,A-,3.56
S000483,2023FA,WD-2023FA-POL-187B,POL,187,4,Graded,A,3.86
S000484,2023FA,WD-2023FA-ENVS-149B,ENVS,149,3,Graded,B,2.94
S000484,2023FA,WD-2023FA-ECON-186B,ECON,186,4,Graded,B-,2.61
S000484,2023FA,WD-2023FA-HIST-158A,HIST,158,3,Graded,B-,2.73
S000484,2023FA,WD-2023FA-ENVS-102D,ENVS,102,3,Graded,B-,2.61
S000486,2023FA,WD-2023FA-POL-157C,POL,157,4,Graded,B,3.0
S000486,2023FA,WD-2023FA-COSI-189C,COSI,189,3,Graded,B,2.91
S000486,2023FA,WD-2023FA-MATH-150D,MATH,150,3,Graded,B,3.05
S000486,2023FA,WD-2023FA-BIOL-111C,BIOL,111,3,Graded,B,3.07
S000486,2023FA,WD-2023FA-CHEM-173D,CHEM,173,3,Graded,B,2.95
S000487,2023FA,WD-2023FA-ANTH-147B,ANTH,147,4,Graded,C+,2.26
S000487,2023FA,WD-2023FA-ENG-181C,ENG,181,3,Graded,C+,2.3
S000487,2023FA,WD-2023FA-NEUR-105D,NEUR,105,3,Graded,C+,2.18
S000487,2023FA,WD-2023FA-NEUR-105D,NEUR,105,3,Graded,C+,2.28
S000488,2023FA,WD-2023FA-CHEM-181B,CHEM,181,3,Graded,B-,2.58
S000488,2023FA,WD-2023FA-NEUR-162C,NEUR,162,3,Graded,B-,2.58
S000488,2023FA,WD-2023FA-BIOL-126D,BIOL,126,3,Graded,B-,2.62
S000488,2023FA,WD-2023FA-ANTH-102A,ANTH,102,3,Graded,B-,2.57
S000488,2023FA,WD-2023FA-ENG-108A,ENG,108,3,Graded,B-,2.54
S000489,2023FA,WD-2023FA-ENG-168B,ENG,168,3,Graded,B+,3.23
S000489,2023FA,WD-2023FA-BUS-122B,BUS,122,3,Graded,B,3.09
S000489,2023FA,WD-2023FA-PSYC-152A,PSYC,152,3,Graded,B+,3.34
S000489,2023FA,WD-2023FA-PSYC-151B,PSYC,151,3,Graded,B,3.09
S000489,2023FA,WD-2023FA-CHEM-173B,CHEM,173,3,Graded,B+,3.31
S000490,2023FA,WD-2023FA-PSYC-184C,PSYC,184,3,Graded,B,3.1
S000490,2023FA,WD-2023FA-MATH-166A,MATH,166,3,Graded,B,3.07
S000490,2023FA,WD-2023FA-MATH-146A,MATH,146,3,Graded,B,3.07
S000490,2023FA,WD-2023FA-BUS-180B,BUS,180,3,Graded,B,2.99
S000492,2023FA,WD-2023FA-CHEM-171A,CHEM,171,3,Graded,B,3.01
S000492,2023FA,WD-2023FA-ENVS-188A,ENVS,188,3,Graded,B,3.13
S000492,2023FA,WD-2023FA-HIST-134D,HIST,134,3,Graded,B+,3.22
S000492,2023FA,WD-2023FA-BUS-130B,BUS,130,3,Graded,B-,2.81
S000492,2023FA,WD-2023FA-PHIL-188C,PHIL,188,3,Graded,B+,3.26
S000492,2023FA,WD-2023FA-BUS-109C,BUS,109,3,Graded,B,3.04
S000493,2023FA,WD-2023FA-COSI-122C,COSI,122,3,Graded,C,1.86
S000493,2023FA,WD-2023FA-NEUR-162D,NEUR,162,3,Graded,C-,1.77
S000493,2023FA,WD-2023FA-PSYC-135B,PSYC,135,3,Graded,C-,1.84
S000493,2023FA,WD-2023FA-ENVS-141C,ENVS,141,3,Graded,C-,1.67
S000494,2023FA,WD-2023FA-ENVS-196B,ENVS,196,3,Graded,C,2.02
S000494,2023FA,WD-2023FA-POL-150B,POL,150,3,Graded,C-,1.75
S000494,2023FA,WD-2023FA-HSSP-121D,HSSP,121,3,Graded,C,1.95
S000494,2023FA,WD-2023FA-PSYC-108A,PSYC,108,3,Graded,C-,1.73
S000494,2023FA,WD-2023FA-POL-103C,POL,103,3,Graded,C,2.02
S000495,2023FA,WD-2023FA-HIST-147C,HIST,147,3,Graded,A,3.86
S000495,2023FA,WD-2023FA-MATH-130B,MATH,130,4,Graded,A,4.0
S000495,2023FA,WD-2023FA-NEUR-165A,NEUR,165,3,Graded,A,4.0
S000495,2023FA,WD-2023FA-AMST-178A,AMST,178,3,Graded,A,3.91
S000495,2023FA,WD-2023FA-PSYC-106C,PSYC,106,3,Graded,A,3.91
S000496,2023FA,WD-2023FA-MATH-115C,MATH,115,3,Graded,F,0.12
S000496,2023FA,WD-2023FA-MATH-146B,MATH,146,3,Graded,F,0.15
S000496,2023FA,WD-2023FA-HIST-149D,HIST,149,3,Graded,F,0.15
S000496,2023FA,WD-2023FA-POL-129A,POL,129,3,Graded,F,0.23
S000496,2023FA,WD-2023FA-HSSP-175C,HSSP,175,3,Graded,F,0.15
S000497,2023FA,WD-2023FA-AMST-100C,AMST,100,3,Graded,B+,3.23
S000497,2023FA,WD-2023FA-ANTH-142A,ANTH,142,3,Graded,B+,3.4
S000497,2023FA,WD-2023FA-HIST-164A,HIST,164,3,Graded,B,3.1
S000497,2023FA,WD-2023FA-PSYC-143A,PSYC,143,3,Graded,B,3.11
S000497,2023FA,WD-2023FA-ANTH-132D,ANTH,132,4,Graded,A-,3.55
S000499,2023FA,WD-2023FA-POL-195D,POL,195,3,Graded,B-,2.69
S000499,2023FA,WD-2023FA-ENVS-125C,ENVS,125,3,Graded,B-,2.72
S000500,2023FA,WD-2023FA-COSI-152D,COSI,152,3,Graded,C-,1.72
S000500,2023FA,WD-2023FA-PHIL-131D,PHIL,131,3,Graded,D,1.36
S000500,2023FA,WD-2023FA-HSSP-192C,HSSP,192,3,Graded,C-,1.58
S000500,2023FA,WD-2023FA-ENVS-114C,ENVS,114,3,Graded,C-,1.79
